obs_date,BAA10Y,CFNAI,ICSA,is_inverted,PAYEMS,INDPRO,SAHMREALTIME
1990-01-31,1.68,-0.23,345000.0,0,109196.0,61.729,0.0
1990-02-28,1.68,0.55,350000.0,0,109436.0,62.2896,0.0
1990-03-31,1.58,0.17,346000.0,0,109640.0,62.5999,0.0
1990-04-30,1.5,-0.71,363000.0,0,109674.0,62.4359,0.0
1990-05-31,1.71,0.02,359000.0,0,109828.0,62.6258,1.0
1990-06-30,1.79,-0.04,364000.0,0,109850.0,62.8382,1.0
1990-07-31,1.77,-0.58,369000.0,0,109815.0,62.7284,1.0
1990-08-31,1.69,-0.22,394000.0,0,109607.0,62.9475,1.0
1990-09-30,1.94,-0.8,404000.0,0,109522.0,62.9523,1.0
1990-10-31,2.13,-0.92,440000.0,0,109377.0,62.5845,1.0
1990-11-30,2.27,-1.4,462000.0,0,109222.0,61.7887,1.0
1990-12-31,2.35,-0.96,454000.0,0,109168.0,61.3352,1.0
1991-01-31,2.3,-1.09,462000.0,0,109058.0,61.1355,1.0
1991-02-28,2.09,-0.86,499000.0,0,108735.0,60.6838,1.0
1991-03-31,1.96,-0.9,499000.0,0,108568.0,60.3346,1.0
1991-04-30,1.83,0.02,462000.0,0,108350.0,60.4938,1.0
1991-05-31,1.77,-0.05,443000.0,0,108253.0,61.0633,1.0
1991-06-30,1.66,0.03,418000.0,0,108330.0,61.5581,1.0
1991-07-31,1.6,0.15,423000.0,0,108290.0,61.7305,1.0
1991-08-31,1.75,-0.34,425000.0,0,108300.0,61.7298,1.0
1991-09-30,1.94,0.26,437000.0,0,108335.0,62.2195,1.0
1991-10-31,2.02,-0.36,423000.0,0,108361.0,62.1855,1.0
1991-11-30,2.06,-0.4,444000.0,0,108300.0,62.0871,1.0
1991-12-31,2.39,-0.81,441000.0,0,108330.0,61.7852,1.0
1992-01-31,1.9,-0.07,441000.0,0,108365.0,61.4616,1.0
1992-02-29,1.9,0.1,444000.0,0,108312.0,61.8955,1.0
1992-03-31,1.7,0.44,420000.0,0,108367.0,62.4232,1.0
1992-04-30,1.63,0.24,424000.0,0,108516.0,62.897,1.0
1992-05-31,1.77,-0.06,411000.0,0,108646.0,63.104,1.0
1992-06-30,1.86,0.05,420000.0,0,108706.0,63.1363,1.0
1992-07-31,1.97,0.42,564000.0,0,108793.0,63.7176,1.0
1992-08-31,2.06,-0.61,408000.0,0,108916.0,63.3613,1.0
1992-09-30,2.29,0.09,409000.0,0,108951.0,63.5703,1.0
1992-10-31,2.19,0.21,365000.0,0,109139.0,63.9995,1.0
1992-11-30,2.0,0.1,341000.0,0,109283.0,64.2422,0.0
1992-12-31,2.06,0.46,313000.0,0,109502.0,64.3507,0.0
1993-01-31,2.11,0.21,340000.0,0,109790.0,64.5978,0.0
1993-02-28,2.2,0.16,362000.0,0,110047.0,64.9089,0.0
1993-03-31,2.18,-0.46,366000.0,0,110004.0,64.8522,0.0
1993-04-30,2.12,0.26,350000.0,0,110300.0,65.0301,0.0
1993-05-31,2.1,-0.12,349000.0,0,110571.0,64.784,0.0
1993-06-30,2.16,0.04,340000.0,0,110742.0,64.9301,0.0
1993-07-31,2.05,-0.01,356000.0,0,111054.0,65.1052,0.0
1993-08-31,1.91,-0.03,337000.0,0,111200.0,65.0267,0.0
1993-09-30,2.0,0.4,343000.0,0,111448.0,65.3717,0.0
1993-10-31,1.96,0.36,348000.0,0,111734.0,65.8509,0.0
1993-11-30,1.91,0.3,337000.0,0,111987.0,66.1518,0.0
1993-12-31,1.94,0.51,290000.0,0,112325.0,66.5436,0.0
1994-01-31,1.85,0.07,406000.0,0,112601.0,66.7351,0.0
1994-02-28,1.77,0.22,327000.0,0,112782.0,66.774,0.0
1994-03-31,1.59,0.98,322000.0,0,113245.0,67.4552,0.0
1994-04-30,1.48,0.26,344000.0,0,113589.0,67.8541,0.0
1994-05-31,1.51,0.41,348000.0,0,113922.0,68.1663,0.0
1994-06-30,1.52,0.45,341000.0,0,114239.0,68.6265,0.0
1994-07-31,1.49,0.05,332000.0,0,114608.0,68.7178,0.0
1994-08-31,1.55,0.82,341000.0,0,114902.0,69.1785,0.0
1994-09-30,1.5,0.12,325000.0,0,115246.0,69.3961,0.0
1994-10-31,1.4,0.63,331000.0,0,115457.0,69.9544,0.0
1994-11-30,1.3,0.53,329000.0,0,115867.0,70.4326,0.0
1994-12-31,1.3,0.62,319000.0,0,116174.0,71.1523,0.0
1995-01-31,1.33,0.12,324000.0,0,116505.0,71.2734,0.0
1995-02-28,1.53,-0.25,336000.0,0,116694.0,71.193,0.0
1995-03-31,1.49,-0.07,332000.0,0,116908.0,71.3113,0.0
1995-04-30,1.51,-0.55,365000.0,0,117066.0,71.1882,0.0
1995-05-31,1.66,0.02,374000.0,0,117046.0,71.5378,0.0
1995-06-30,1.74,0.23,358000.0,0,117291.0,71.7749,0.0
1995-07-31,1.72,-0.59,351000.0,0,117382.0,71.4748,0.0
1995-08-31,1.73,0.74,359000.0,0,117646.0,72.4223,0.0
1995-09-30,1.71,0.13,355000.0,0,117873.0,72.7144,0.0
1995-10-31,1.7,-0.29,377000.0,0,118026.0,72.5866,0.0
1995-11-30,1.81,0.03,379000.0,0,118165.0,72.7779,0.0
1995-12-31,1.8,0.07,359000.0,0,118325.0,73.0305,0.0
1996-01-31,1.82,-0.87,387000.0,0,118317.0,72.6125,0.0
1996-02-29,1.78,0.74,365000.0,0,118738.0,73.6752,0.0
1996-03-31,1.78,-0.14,393000.0,0,118992.0,73.585,0.0
1996-04-30,1.61,0.43,343000.0,0,119158.0,74.3172,0.0
1996-05-31,1.48,0.4,343000.0,0,119497.0,74.8726,0.0
1996-06-30,1.51,0.35,337000.0,0,119770.0,75.4433,0.0
1996-07-31,1.5,0.06,327000.0,0,120019.0,75.4549,0.0
1996-08-31,1.48,0.22,329000.0,0,120198.0,75.8411,0.0
1996-09-30,1.5,0.3,348000.0,0,120400.0,76.3158,0.0
1996-10-31,1.54,0.05,352000.0,0,120665.0,76.3384,0.0
1996-11-30,1.65,0.49,332000.0,0,120947.0,77.0397,0.0
1996-12-31,1.54,0.06,357000.0,0,121143.0,77.5333,0.0
1997-01-31,1.5,0.27,340000.0,0,121356.0,77.6562,0.0
1997-02-28,1.49,0.82,322000.0,0,121673.0,78.5833,0.0
1997-03-31,1.4,0.3,325000.0,0,121991.0,79.082,0.0
1997-04-30,1.5,0.08,337000.0,0,122289.0,79.1747,0.0
1997-05-31,1.51,0.22,321000.0,0,122560.0,79.6133,0.0
1997-06-30,1.5,0.38,322000.0,0,122816.0,79.9792,0.0
1997-07-31,1.54,0.65,306000.0,0,123114.0,80.6624,0.0
1997-08-31,1.44,0.3,332000.0,0,123087.0,81.4694,0.0
1997-09-30,1.54,0.63,317000.0,0,123575.0,82.2156,0.0
1997-10-31,1.6,0.45,306000.0,0,123924.0,82.9446,0.0
1997-11-30,1.52,0.61,318000.0,0,124225.0,83.5978,0.0
1997-12-31,1.53,0.06,303000.0,0,124549.0,83.9538,0.0
1998-01-31,1.68,0.31,315000.0,0,124806.0,84.3218,0.0
1998-02-28,1.67,0.33,317000.0,0,125017.0,84.4583,0.0
1998-03-31,1.67,-0.01,312000.0,0,125165.0,84.488,0.0
1998-04-30,1.66,0.24,311000.0,0,125445.0,84.7779,0.0
1998-05-31,1.63,0.28,322000.0,0,125845.0,85.3367,0.0
1998-06-30,1.67,-0.44,376000.0,1,126076.0,84.8248,0.0
1998-07-31,1.71,-0.47,335000.0,0,126212.0,84.4986,0.0
1998-08-31,2.06,1.06,310000.0,0,126546.0,86.248,0.0
1998-09-30,2.57,-0.01,294000.0,0,126744.0,86.2021,0.0
1998-10-31,2.65,0.28,308000.0,0,126949.0,86.7914,0.0
1998-11-30,2.45,0.05,310000.0,0,127222.0,86.7256,0.0
1998-12-31,2.58,0.25,336000.0,0,127595.0,87.1185,0.0
1999-01-31,2.55,0.11,305000.0,0,127699.0,87.4949,0.0
1999-02-28,2.24,0.54,301000.0,0,128117.0,88.027,0.0
1999-03-31,2.31,-0.08,298000.0,0,128234.0,88.2267,0.0
1999-04-30,2.22,0.0,291000.0,0,128595.0,88.4295,0.0
1999-05-31,2.18,0.56,303000.0,0,128813.0,88.9886,0.0
1999-06-30,2.18,-0.08,291000.0,0,129084.0,88.9188,0.0
1999-07-31,2.19,0.19,300000.0,0,129422.0,89.4333,0.0
1999-08-31,2.23,0.34,290000.0,0,129572.0,89.7924,0.0
1999-09-30,2.3,-0.19,306000.0,0,129771.0,89.4299,0.0
1999-10-31,2.28,0.75,285000.0,0,130178.0,90.523,0.0
1999-11-30,1.99,0.37,288000.0,0,130466.0,90.9618,0.0
1999-12-31,1.73,0.6,268000.0,0,130783.0,91.6634,0.0
2000-01-31,1.68,0.16,285000.0,0,131011.0,91.538,0.0
2000-02-29,1.91,-0.23,280000.0,1,131120.0,91.8239,0.0
2000-03-31,2.3,0.44,272000.0,1,131604.0,92.1504,0.0
2000-04-30,2.34,0.42,291000.0,1,131884.0,92.6989,0.0
2000-05-31,2.52,-0.35,280000.0,1,132105.0,92.9499,0.0
2000-06-30,2.4,0.13,296000.0,1,132063.0,92.9862,0.0
2000-07-31,2.27,-0.29,298000.0,1,132228.0,92.8048,0.0
2000-08-31,2.51,-0.36,312000.0,1,132234.0,92.5521,0.0
2000-09-30,2.54,0.36,292000.0,1,132337.0,92.9792,0.0
2000-10-31,2.56,-0.52,301000.0,1,132352.0,92.6179,0.0
2000-11-30,2.64,-0.36,356000.0,1,132556.0,92.6438,0.0
2000-12-31,2.88,-0.27,353000.0,0,132716.0,92.3415,1.0
2001-01-31,2.62,-0.66,362000.0,0,132703.0,91.902,1.0
2001-02-28,2.88,-0.57,386000.0,0,132788.0,91.3034,1.0
2001-03-31,3.04,-0.69,388000.0,0,132751.0,91.1162,1.0
2001-04-30,2.73,-0.89,406000.0,0,132458.0,90.7891,1.0
2001-05-31,2.65,-0.43,405000.0,0,132408.0,90.3555,1.0
2001-06-30,2.65,-0.92,394000.0,0,132300.0,89.8784,1.0
2001-07-31,2.78,-0.53,388000.0,0,132172.0,89.3028,1.0
2001-08-31,2.9,-0.43,395000.0,0,132021.0,89.2003,1.0
2001-09-30,3.42,-1.12,517000.0,0,131763.0,88.7485,1.0
2001-10-31,3.38,-0.18,483000.0,0,131452.0,88.5052,1.0
2001-11-30,3.1,-0.81,491000.0,0,131144.0,87.97,1.0
2001-12-31,2.85,-0.32,421000.0,0,130983.0,87.9324,1.0
2002-01-31,2.85,-0.05,414000.0,0,130859.0,88.5176,1.0
2002-02-28,2.98,-0.1,398000.0,0,130737.0,88.5278,1.0
2002-03-31,2.81,-0.03,479000.0,0,130722.0,89.1686,1.0
2002-04-30,2.84,0.16,414000.0,0,130616.0,89.604,1.0
2002-05-31,2.98,0.07,403000.0,0,130632.0,89.964,1.0
2002-06-30,3.13,0.3,386000.0,0,130674.0,90.7061,1.0
2002-07-31,3.25,-0.27,390000.0,0,130584.0,90.6769,1.0
2002-08-31,3.32,-0.07,394000.0,0,130581.0,90.5762,1.0
2002-09-30,3.76,-0.34,409000.0,0,130502.0,90.6531,1.0
2002-10-31,3.82,-0.35,409000.0,0,130617.0,90.4643,0.0
2002-11-30,3.38,0.14,377000.0,0,130616.0,90.9711,0.0
2002-12-31,3.48,-0.59,409000.0,0,130465.0,90.4652,0.0
2003-01-31,3.16,0.39,407000.0,0,130573.0,91.2361,0.0
2003-02-28,3.21,-0.46,421000.0,0,130441.0,91.3445,0.0
2003-03-31,3.04,-0.18,436000.0,0,130235.0,91.1044,0.0
2003-04-30,2.76,-0.63,444000.0,0,130173.0,90.5617,0.0
2003-05-31,2.85,0.01,431000.0,0,130197.0,90.537,0.0
2003-06-30,2.81,0.14,429000.0,0,130186.0,90.6527,0.0
2003-07-31,2.58,0.09,398000.0,0,130184.0,91.1185,0.0
2003-08-31,2.46,-0.15,407000.0,0,130153.0,90.9197,0.0
2003-09-30,2.57,0.35,387000.0,0,130252.0,91.5059,0.0
2003-10-31,2.36,0.14,379000.0,0,130439.0,91.6186,0.0
2003-11-30,2.33,0.48,357000.0,0,130480.0,92.2329,0.0
2003-12-31,2.34,0.04,349000.0,0,130589.0,92.2602,0.0
2004-01-31,2.19,0.05,376000.0,0,130756.0,92.4006,0.0
2004-02-29,2.21,0.46,348000.0,0,130821.0,92.958,0.0
2004-03-31,2.29,0.55,340000.0,0,131140.0,92.5861,0.0
2004-04-30,2.05,0.08,339000.0,0,131412.0,92.93,0.0
2004-05-31,2.03,0.56,337000.0,0,131697.0,93.6013,0.0
2004-06-30,2.09,-0.28,348000.0,0,131794.0,92.871,0.0
2004-07-31,2.1,0.48,341000.0,0,131854.0,93.5649,0.0
2004-08-31,2.19,0.3,352000.0,0,131939.0,93.6277,0.0
2004-09-30,2.11,0.17,351000.0,0,132089.0,93.7467,0.0
2004-10-31,2.09,0.44,332000.0,0,132429.0,94.5465,0.0
2004-11-30,1.95,0.04,335000.0,0,132503.0,94.7813,0.0
2004-12-31,1.86,0.85,320000.0,0,132630.0,95.5365,0.0
2005-01-31,1.75,0.19,331000.0,0,132781.0,95.8801,0.0
2005-02-28,1.59,0.4,314000.0,0,133034.0,96.5761,0.0
2005-03-31,1.64,-0.28,342000.0,0,133154.0,96.4456,0.0
2005-04-30,1.76,0.57,334000.0,0,133520.0,96.6532,0.0
2005-05-31,1.9,-0.02,340000.0,0,133689.0,96.7402,0.0
2005-06-30,1.87,0.41,311000.0,0,133948.0,97.1753,0.0
2005-07-31,1.67,-0.05,316000.0,0,134300.0,96.8676,0.0
2005-08-31,1.77,0.21,318000.0,0,134502.0,97.1833,0.0
2005-09-30,1.81,-0.62,359000.0,0,134552.0,95.3005,0.0
2005-10-31,1.83,0.65,322000.0,0,134641.0,96.4572,0.0
2005-11-30,1.89,0.75,311000.0,0,134997.0,97.5414,0.0
2005-12-31,1.82,0.33,302000.0,1,135159.0,98.0452,0.0
2006-01-31,1.78,0.48,282000.0,1,135427.0,98.1999,0.0
2006-02-28,1.65,0.1,293000.0,1,135733.0,98.2413,0.0
2006-03-31,1.69,0.23,295000.0,0,136038.0,98.4628,0.0
2006-04-30,1.67,-0.09,321000.0,0,136210.0,98.7618,0.0
2006-05-31,1.66,0.02,330000.0,0,136249.0,98.7869,0.0
2006-06-30,1.67,0.03,309000.0,1,136337.0,99.0997,0.0
2006-07-31,1.68,-0.28,311000.0,0,136529.0,99.0489,0.0
2006-08-31,1.73,0.18,314000.0,1,136692.0,99.4836,0.0
2006-09-30,1.72,0.0,309000.0,1,136826.0,99.3183,0.0
2006-10-31,1.64,-0.27,328000.0,1,136843.0,99.2044,0.0
2006-11-30,1.64,-0.11,349000.0,1,137060.0,99.1627,0.0
2006-12-31,1.64,0.78,341000.0,1,137249.0,100.1735,0.0
2007-01-31,1.57,-0.48,308000.0,1,137472.0,99.8346,0.0
2007-02-28,1.6,0.2,322000.0,1,137560.0,100.7753,0.0
2007-03-31,1.75,0.24,307000.0,0,137784.0,100.9547,0.0
2007-04-30,1.68,-0.09,301000.0,0,137847.0,101.6334,0.0
2007-05-31,1.6,0.05,310000.0,1,137992.0,101.7306,0.0
2007-06-30,1.59,-0.02,317000.0,0,138070.0,101.7893,0.0
2007-07-31,1.85,-0.4,305000.0,0,138044.0,101.6672,0.0
2007-08-31,2.05,-0.08,329000.0,0,138013.0,101.863,0.0
2007-09-30,2.0,-0.08,317000.0,0,138099.0,102.0894,0.0
2007-10-31,1.99,-0.27,328000.0,0,138175.0,101.8015,1.0
2007-11-30,2.47,-0.08,352000.0,0,138290.0,102.3446,1.0
2007-12-31,2.52,-0.44,360000.0,0,138395.0,102.3803,1.0
2008-01-31,2.96,-0.23,366000.0,0,138391.0,102.2448,1.0
2008-02-29,3.22,-0.8,354000.0,0,138329.0,101.8438,1.0
2008-03-31,3.45,-0.79,387000.0,0,138259.0,101.5336,1.0
2008-04-30,3.1,-0.67,370000.0,0,138040.0,100.8785,1.0
2008-05-31,3.0,-0.84,362000.0,0,137851.0,100.2674,1.0
2008-06-30,3.05,-0.72,392000.0,0,137700.0,100.0335,1.0
2008-07-31,3.22,-1.21,434000.0,0,137497.0,99.676,1.0
2008-08-31,3.29,-1.26,442000.0,0,137211.0,98.1111,1.0
2008-09-30,4.0,-2.58,483000.0,0,136760.0,93.7895,1.0
2008-10-31,5.53,-1.13,480000.0,0,136291.0,94.7219,1.0
2008-11-30,6.1,-2.35,529000.0,0,135541.0,93.4715,1.0
2008-12-31,5.82,-2.68,533000.0,0,134847.0,90.8357,1.0
2009-01-31,5.38,-3.04,629000.0,0,134079.0,88.57,1.0
2009-02-28,5.22,-1.24,652000.0,0,133318.0,88.031,1.0
2009-03-31,5.74,-2.35,665000.0,0,132494.0,86.6528,1.0
2009-04-30,5.08,-1.61,620000.0,0,131822.0,85.9344,1.0
2009-05-31,4.29,-1.2,607000.0,0,131466.0,85.0665,1.0
2009-06-30,3.64,-0.93,594000.0,0,131008.0,84.7459,1.0
2009-07-31,3.11,0.14,587000.0,0,130662.0,85.7027,1.0
2009-08-31,2.98,0.0,564000.0,0,130472.0,86.6426,1.0
2009-09-30,2.86,-0.21,554000.0,0,130246.0,87.4063,1.0
2009-10-31,2.86,-0.29,522000.0,0,130061.0,87.6419,1.0
2009-11-30,2.99,0.06,475000.0,0,130057.0,88.0221,1.0
2009-12-31,2.54,-0.29,468000.0,0,129808.0,88.3793,1.0
2010-01-31,2.57,0.16,496000.0,0,129802.0,89.3426,1.0
2010-02-28,2.62,-0.35,488000.0,0,129706.0,89.6779,1.0
2010-03-31,2.47,0.48,459000.0,0,129866.0,90.2928,1.0
2010-04-30,2.38,0.41,449000.0,0,130120.0,90.5991,1.0
2010-05-31,2.89,0.3,458000.0,0,130642.0,91.823,0.0
2010-06-30,3.08,-0.17,464000.0,0,130510.0,91.9928,0.0
2010-07-31,2.91,0.15,476000.0,0,130415.0,92.3421,0.0
2010-08-31,3.01,-0.16,467000.0,0,130415.0,92.6805,0.0
2010-09-30,3.05,-0.19,459000.0,0,130341.0,92.9537,0.0
2010-10-31,3.15,-0.12,453000.0,0,130620.0,92.6903,0.0
2010-11-30,3.03,-0.19,432000.0,0,130749.0,92.7709,0.0
2010-12-31,2.68,0.09,404000.0,0,130830.0,93.6787,0.0
2011-01-31,2.68,0.02,420000.0,0,130837.0,93.4814,0.0
2011-02-28,2.57,-0.38,385000.0,0,131057.0,93.1102,0.0
2011-03-31,2.58,0.41,399000.0,0,131283.0,94.0788,0.0
2011-04-30,2.58,-0.48,468000.0,0,131597.0,93.7749,0.0
2011-05-31,2.65,-0.34,418000.0,0,131703.0,93.888,0.0
2011-06-30,2.72,0.01,421000.0,0,131931.0,94.172,0.0
2011-07-31,2.77,0.17,406000.0,0,131992.0,94.636,0.0
2011-08-31,3.25,0.01,409000.0,0,132125.0,95.2749,0.0
2011-09-30,3.3,-0.27,406000.0,0,132344.0,95.1961,0.0
2011-10-31,3.02,0.16,399000.0,0,132553.0,95.8568,0.0
2011-11-30,3.24,-0.35,397000.0,0,132690.0,95.8485,0.0
2011-12-31,3.27,0.28,376000.0,0,132888.0,96.3571,0.0
2012-01-31,3.24,0.37,372000.0,0,133246.0,96.9318,0.0
2012-02-29,3.1,0.0,365000.0,0,133509.0,97.2435,0.0
2012-03-31,3.07,-0.39,358000.0,0,133748.0,96.74,0.0
2012-04-30,3.2,0.06,372000.0,0,133825.0,97.4359,0.0
2012-05-31,3.4,-0.17,381000.0,0,133932.0,97.6609,0.0
2012-06-30,3.39,-0.32,372000.0,0,134013.0,97.6663,0.0
2012-07-31,3.27,-0.28,372000.0,0,134157.0,97.8713,0.0
2012-08-31,3.21,-0.45,377000.0,0,134339.0,97.4525,0.0
2012-09-30,3.07,-0.11,376000.0,0,134517.0,97.381,0.0
2012-10-31,2.73,-0.26,364000.0,0,134669.0,97.7193,0.0
2012-11-30,2.95,0.28,388000.0,0,134825.0,98.0777,0.0
2012-12-31,2.85,0.14,362000.0,0,135074.0,98.3101,0.0
2013-01-31,2.82,-0.33,366000.0,0,135257.0,98.3342,0.0
2013-02-28,2.89,0.23,342000.0,0,135546.0,98.7941,0.0
2013-03-31,2.96,-0.26,375000.0,0,135689.0,99.1921,0.0
2013-04-30,2.83,-0.29,331000.0,0,135873.0,99.1065,0.0
2013-05-31,2.79,0.14,353000.0,0,136096.0,99.1839,0.0
2013-06-30,2.83,-0.14,340000.0,0,136279.0,99.3897,0.0
2013-07-31,2.68,-0.52,334000.0,0,136391.0,99.0814,0.0
2013-08-31,2.56,0.3,325000.0,0,136646.0,99.6543,0.0
2013-09-30,2.75,0.1,319000.0,0,136821.0,100.161,0.0
2013-10-31,2.65,0.01,347000.0,0,137041.0,100.082,0.0
2013-11-30,2.61,0.3,312000.0,0,137317.0,100.3158,0.0
2013-12-31,2.33,-0.15,332000.0,0,137372.0,100.5175,0.0
2014-01-31,2.4,-0.7,340000.0,0,137561.0,100.1599,0.0
2014-02-28,2.35,0.44,341000.0,0,137712.0,100.9168,0.0
2014-03-31,2.26,0.48,330000.0,0,137985.0,101.8942,0.0
2014-04-30,2.16,0.05,345000.0,0,138298.0,101.9928,0.0
2014-05-31,2.22,0.12,312000.0,0,138513.0,102.3836,0.0
2014-06-30,2.18,0.14,308000.0,0,138849.0,102.735,0.0
2014-07-31,2.17,0.3,303000.0,0,139072.0,102.9632,0.0
2014-08-31,2.23,-0.23,303000.0,0,139269.0,102.7688,0.0
2014-09-30,2.29,0.01,290000.0,0,139563.0,103.0641,0.0
2014-10-31,2.39,0.04,291000.0,0,139798.0,103.0764,0.0
2014-11-30,2.52,0.27,291000.0,0,140089.0,103.7126,0.0
2014-12-31,2.51,0.06,285000.0,0,140364.0,103.7044,0.0
2015-01-31,2.61,-0.26,281000.0,0,140568.0,102.8905,0.0
2015-02-28,2.46,-0.48,317000.0,0,140827.0,102.2335,0.0
2015-03-31,2.55,0.01,269000.0,0,140923.0,101.8914,0.0
2015-04-30,2.6,0.0,269000.0,0,141196.0,101.3355,0.0
2015-05-31,2.72,-0.34,275000.0,0,141538.0,100.8883,0.0
2015-06-30,2.83,-0.14,275000.0,0,141709.0,100.571,0.0
2015-07-31,2.94,0.35,269000.0,0,141991.0,101.2228,0.0
2015-08-31,3.15,-0.28,279000.0,0,142125.0,101.0367,0.0
2015-09-30,3.29,-0.12,272000.0,0,142275.0,100.7547,0.0
2015-10-31,3.19,-0.26,275000.0,0,142579.0,100.2675,0.0
2015-11-30,3.2,-0.36,265000.0,0,142808.0,99.5298,0.0
2015-12-31,3.23,-0.3,276000.0,0,143077.0,99.0417,0.0
2016-01-31,3.48,0.09,282000.0,0,143210.0,99.5607,0.0
2016-02-29,3.55,-0.23,269000.0,0,143406.0,99.0445,0.0
2016-03-31,3.12,-0.33,271000.0,0,143662.0,98.3096,0.0
2016-04-30,2.86,-0.1,278000.0,0,143854.0,98.6421,0.0
2016-05-31,2.84,-0.35,263000.0,0,143900.0,98.4184,0.0
2016-06-30,2.92,0.13,262000.0,0,144147.0,98.8833,0.0
2016-07-31,2.71,0.05,266000.0,0,144520.0,98.9992,0.0
2016-08-31,2.61,-0.22,261000.0,0,144661.0,98.85,0.0
2016-09-30,2.69,-0.09,247000.0,0,144967.0,98.7457,0.0
2016-10-31,2.61,-0.07,265000.0,0,145065.0,98.7611,0.0
2016-11-30,2.45,-0.22,255000.0,0,145183.0,98.3491,0.0
2016-12-31,2.28,0.38,244000.0,0,145408.0,99.0214,0.0
2017-01-31,2.23,-0.11,241000.0,0,145628.0,98.7611,0.0
2017-02-28,2.19,-0.09,221000.0,0,145846.0,98.3646,0.0
2017-03-31,2.24,0.02,236000.0,0,145970.0,99.0137,0.0
2017-04-30,2.28,0.34,232000.0,0,146175.0,100.0224,0.0
2017-05-31,2.23,0.02,253000.0,0,146380.0,100.1408,0.0
2017-06-30,2.09,0.16,247000.0,0,146583.0,100.3471,0.0
2017-07-31,2.06,-0.16,245000.0,0,146772.0,100.1068,0.0
2017-08-31,2.14,0.01,247000.0,0,146919.0,99.6925,0.0
2017-09-30,2.0,0.18,260000.0,0,147008.0,99.7954,0.0
2017-10-31,1.91,0.54,241000.0,0,147149.0,101.0247,0.0
2017-11-30,1.88,0.23,243000.0,0,147372.0,101.2664,0.0
2017-12-31,1.77,0.2,248000.0,0,147523.0,101.4644,0.0
2018-01-31,1.56,-0.23,228000.0,0,147660.0,101.4625,0.0
2018-02-28,1.68,0.47,216000.0,0,148054.0,101.7085,0.0
2018-03-31,1.85,0.11,232000.0,0,148280.0,102.2067,0.0
2018-04-30,1.79,0.4,209000.0,0,148420.0,103.3329,0.0
2018-05-31,1.89,-0.14,222000.0,0,148742.0,102.4024,0.0
2018-06-30,1.99,0.22,228000.0,0,148960.0,103.198,0.0
2018-07-31,1.83,0.05,207000.0,0,149020.0,103.3646,0.0
2018-08-31,1.92,0.3,211000.0,0,149277.0,104.0327,0.0
2018-09-30,1.84,0.02,210000.0,0,149358.0,104.1004,0.0
2018-10-31,2.03,-0.21,216000.0,0,149527.0,103.9856,0.0
2018-11-30,2.27,0.01,237000.0,0,149617.0,104.0681,0.0
2018-12-31,2.45,-0.13,238000.0,0,149809.0,104.0936,0.0
2019-01-31,2.38,-0.36,234000.0,0,150060.0,103.4021,0.0
2019-02-28,2.22,-0.41,221000.0,0,150067.0,102.8371,0.0
2019-03-31,2.26,-0.1,203000.0,0,150295.0,102.8757,0.0
2019-04-30,2.14,-0.51,224000.0,0,150591.0,102.274,0.0
2019-05-31,2.37,0.02,222000.0,0,150618.0,102.392,0.0
2019-06-30,2.31,0.04,226000.0,0,150838.0,102.4375,0.0
2019-07-31,2.13,-0.36,206000.0,0,150937.0,101.9408,0.0
2019-08-31,2.26,0.17,215000.0,0,151169.0,102.639,0.0
2019-09-30,2.2,-0.43,215000.0,0,151365.0,102.2917,0.0
2019-10-31,2.18,-0.78,215000.0,0,151460.0,101.4281,1.0
2019-11-30,2.08,0.2,231000.0,0,151667.0,101.9372,1.0
2019-12-31,1.98,-0.35,231000.0,0,151794.0,101.7003,1.0
2020-01-31,2.13,-0.25,210000.0,0,152031.0,101.0338,1.0
2020-02-29,2.38,0.07,215000.0,0,152293.0,101.3735,1.0
2020-03-31,3.93,-4.38,5946000.0,0,150895.0,97.4078,1.0
2020-04-30,3.23,-18.32,3446000.0,0,130426.0,84.5619,1.0
2020-05-31,3.08,4.76,1639000.0,0,133040.0,85.9604,1.0
2020-06-30,2.93,6.32,1446000.0,0,137671.0,91.5934,1.0
2020-07-31,2.6,2.64,1260000.0,0,139255.0,95.0256,1.0
2020-08-31,2.67,1.26,881000.0,0,140821.0,95.9549,1.0
2020-09-30,2.75,0.5,795000.0,0,141770.0,95.9669,1.0
2020-10-31,2.61,1.01,773000.0,0,142460.0,96.7394,1.0
2020-11-30,2.29,0.28,737000.0,0,142733.0,97.0816,1.0
2020-12-31,2.18,0.68,773000.0,0,142548.0,98.363,1.0
2021-01-31,2.17,0.86,803000.0,0,142863.0,98.8822,1.0
2021-02-28,2.12,-1.84,704000.0,0,143380.0,95.6149,1.0
2021-03-31,2.03,2.4,658000.0,0,144232.0,98.3856,0.0
2021-04-30,1.96,0.12,574000.0,0,144587.0,98.5587,0.0
2021-05-31,1.99,0.23,427000.0,0,145065.0,99.4333,0.0
2021-06-30,1.87,0.33,368000.0,0,145820.0,99.7987,0.0
2021-07-31,1.95,0.75,379000.0,0,146762.0,100.2519,0.0
2021-08-31,1.94,-0.04,353000.0,0,147314.0,100.0437,0.0
2021-09-30,1.85,-0.13,375000.0,0,147771.0,98.8579,0.0
2021-10-31,1.69,0.93,261000.0,0,148572.0,100.1861,0.0
2021-11-30,1.81,0.66,221000.0,0,149230.0,100.8654,0.0
2021-12-31,1.85,0.17,217000.0,0,149816.0,100.5726,0.0
2022-01-31,1.93,-0.04,231000.0,0,150006.0,100.1856,0.0
2022-02-28,2.34,0.4,208000.0,0,150825.0,100.8064,0.0
2022-03-31,1.93,0.43,214000.0,0,151315.0,101.3907,0.0
2022-04-30,2.05,0.0,218000.0,0,151623.0,101.44,0.0
2022-05-31,2.18,-0.41,199000.0,0,151924.0,101.3335,0.0
2022-06-30,2.31,-0.25,212000.0,0,152358.0,101.018,0.0
2022-07-31,2.36,0.2,228000.0,1,153072.0,101.223,0.0
2022-08-31,2.18,0.04,210000.0,1,153362.0,101.0963,0.0
2022-09-30,2.24,0.0,190000.0,1,153582.0,101.2918,0.0
2022-10-31,2.28,0.04,202000.0,1,153939.0,101.2529,0.0
2022-11-30,2.15,-0.6,209000.0,1,154242.0,100.9552,0.0
2022-12-31,1.99,-0.46,205000.0,1,154342.0,99.7664,0.0
2023-01-31,1.9,0.57,200000.0,1,154776.0,100.505,0.0
2023-02-28,1.9,-0.43,207000.0,1,155066.0,100.6416,0.0
2023-03-31,2.11,-0.41,234000.0,1,155134.0,101.0205,0.0
2023-04-30,2.08,0.04,213000.0,1,155375.0,101.253,0.0
2023-05-31,2.16,-0.18,229000.0,1,155655.0,100.9286,0.0
2023-06-30,1.88,-0.41,236000.0,1,155880.0,100.1196,0.0
2023-07-31,1.77,0.13,238000.0,1,156043.0,100.9067,0.0
2023-08-31,1.83,-0.17,234000.0,1,156261.0,100.8393,0.0
2023-09-30,1.78,-0.03,216000.0,1,156417.0,101.0211,0.0
2023-10-31,1.85,-0.51,217000.0,1,156576.0,100.4689,0.0
2023-11-30,1.67,0.14,213000.0,1,156703.0,100.8639,0.0
2023-12-31,1.61,-0.12,200000.0,1,156857.0,100.6031,0.0
2024-01-31,1.61,-0.98,226000.0,1,157032.0,99.2223,1.0
2024-02-29,1.55,0.26,212000.0,1,157238.0,100.285,1.0
2024-03-31,1.5,-0.13,223000.0,1,157466.0,100.4575,1.0
2024-04-30,1.44,-0.38,207000.0,1,157530.0,100.2434,1.0
2024-05-31,1.46,0.16,220000.0,1,157608.0,100.863,1.0
2024-06-30,1.55,-0.22,238000.0,1,157695.0,100.894,1.0
2024-07-31,1.68,-0.39,248000.0,1,157748.0,99.9757,1.0
2024-08-31,1.69,-0.08,227000.0,0,157757.0,100.4309,1.0
2024-09-30,1.63,-0.29,227000.0,0,157912.0,99.8084,0.0
2024-10-31,1.46,-0.56,219000.0,0,157945.0,99.4695,0.0
2024-11-30,1.44,-0.05,222000.0,0,158079.0,99.2925,0.0
2024-12-31,1.42,0.33,212000.0,0,158316.0,100.3273,0.0
2025-01-31,1.45,-0.5,212000.0,0,158268.0,100.0647,0.0
2025-02-28,1.57,0.39,241000.0,0,158310.0,101.0993,0.0
2025-03-31,1.76,0.16,220000.0,0,158377.0,101.0404,0.0
2025-04-30,1.96,-0.36,239000.0,0,158485.0,101.1279,0.0
2025-05-31,1.84,-0.31,244000.0,0,158498.0,100.9655,0.0
2025-06-30,1.75,-0.09,231000.0,0,158478.0,101.4785,0.0
2025-07-31,1.67,0.02,219000.0,0,158542.0,101.894,0.0
2025-08-31,1.8,-0.36,236000.0,0,158472.0,101.6247,0.0
2025-09-30,1.67,-0.32,225000.0,0,158548.0,101.668,0.0
2025-10-31,1.69,-0.5,221000.0,0,158408.0,101.2195,0.0
2025-11-30,1.78,-0.31,216000.0,0,158449.0,101.0344,0.0
2025-12-31,1.72,-0.06,203000.0,0,158432.0,101.4941,0.0
2026-01-31,1.62,-0.07,230000.0,0,158592.0,101.0388,0.0
