obs_date,BAA10Y,CFNAI,CPIAUCSL,GDPC1,HOUST,ICSA,INDPRO,NFCI,PAYEMS,PERMIT,SAHMREALTIME,T10Y2Y,T10Y3M,UMCSENT,UNRATE,USREC
1990-01-31,1.68,-0.23,127.5,10047.386,1551.0,345000.0,61.729,0.064,109196.0,1748.0,0.13,0.15,0.43,93.0,5.4,0.0
1990-02-28,1.68,0.55,128.0,10047.386,1437.0,350000.0,62.2896,0.052,109436.0,1329.0,0.13,0.08,0.47,89.5,5.3,0.0
1990-03-31,1.58,0.17,128.6,10047.386,1289.0,346000.0,62.5999,0.078,109640.0,1246.0,0.1,0.01,0.58,91.3,5.2,0.0
1990-04-30,1.5,-0.71,128.9,10083.855,1248.0,363000.0,62.4359,0.11,109674.0,1136.0,0.13,0.08,0.97,93.9,5.4,0.0
1990-05-31,1.71,0.02,129.1,10083.855,1212.0,359000.0,62.6258,-0.006,109828.0,1067.0,0.13,0.1,0.59,90.6,5.4,0.0
1990-06-30,1.79,-0.04,129.9,10083.855,1177.0,364000.0,62.8382,-0.155,109850.0,1108.0,0.03,0.19,0.43,88.3,5.2,0.0
1990-07-31,1.77,-0.58,130.5,10090.569,1171.0,369000.0,62.7284,-0.072,109815.0,1078.0,0.07,0.45,0.62,88.2,5.5,0.0
1990-08-31,1.69,-0.22,131.6,10090.569,1115.0,394000.0,62.9475,0.185,109607.0,1069.0,0.17,0.79,1.23,76.4,5.7,1.0
1990-09-30,1.94,-0.8,132.5,10090.569,1110.0,404000.0,62.9523,0.38,109522.0,976.0,0.33,0.8,1.45,72.8,5.9,1.0
1990-10-31,2.13,-0.92,133.4,9998.704,1014.0,440000.0,62.5845,0.456,109377.0,925.0,0.4,0.88,1.31,63.9,5.9,1.0
1990-11-30,2.27,-1.4,133.7,9998.704,1145.0,462000.0,61.7887,0.471,109222.0,941.0,0.5,0.73,1.02,66.0,6.2,1.0
1990-12-31,2.35,-0.96,134.2,9998.704,969.0,454000.0,61.3352,0.519,109168.0,861.0,0.6,0.93,1.45,65.5,6.3,1.0
1991-01-31,2.3,-1.09,134.7,9951.916,798.0,462000.0,61.1355,0.392,109058.0,786.0,0.77,0.98,1.66,66.8,6.4,1.0
1991-02-28,2.09,-0.86,134.8,9951.916,965.0,499000.0,60.6838,0.102,108735.0,853.0,0.97,0.98,1.8,70.4,6.6,1.0
1991-03-31,1.96,-0.9,134.8,9951.916,921.0,499000.0,60.3346,-0.149,108568.0,911.0,1.2,1.03,2.13,87.7,6.8,1.0
1991-04-30,1.83,0.02,135.1,10029.51,1001.0,462000.0,60.4938,-0.234,108350.0,916.0,1.3,1.22,2.34,81.8,6.7,0.0
1991-05-31,1.77,-0.05,135.6,10029.51,996.0,443000.0,61.0633,-0.236,108253.0,991.0,1.43,1.38,2.35,78.3,6.9,0.0
1991-06-30,1.66,0.03,136.0,10029.51,1036.0,418000.0,61.5581,-0.269,108330.0,964.0,1.5,1.34,2.53,82.1,6.9,0.0
1991-07-31,1.6,0.15,136.2,10080.195,1063.0,423000.0,61.7305,-0.414,108290.0,973.0,1.53,1.39,2.5,82.9,6.8,0.0
1991-08-31,1.75,-0.34,136.6,10080.195,1049.0,425000.0,61.7298,-0.54,108300.0,944.0,1.4,1.46,2.33,82.0,6.9,0.0
1991-09-30,1.94,0.26,137.0,10080.195,1015.0,437000.0,62.2195,-0.56,108335.0,974.0,1.17,1.48,2.21,83.0,6.9,0.0
1991-10-31,2.02,-0.36,137.2,10115.329,1079.0,423000.0,62.1855,-0.581,108361.0,991.0,1.1,1.77,2.51,78.3,7.0,0.0
1991-11-30,2.06,-0.4,137.8,10115.329,1103.0,444000.0,62.0871,-0.628,108300.0,984.0,1.0,2.0,2.91,69.1,7.0,0.0
1991-12-31,2.39,-0.81,138.2,10115.329,1079.0,441000.0,61.7852,-0.663,108330.0,1061.0,1.0,1.94,2.75,68.2,7.3,0.0
1992-01-31,1.9,-0.07,138.3,10236.435,1176.0,441000.0,61.4616,-0.656,108365.0,1077.0,0.93,2.2,3.37,67.5,7.3,0.0
1992-02-29,1.9,0.1,138.6,10236.435,1250.0,444000.0,61.8955,-0.654,108312.0,1146.0,0.9,2.0,3.24,68.8,7.4,0.0
1992-03-31,1.7,0.44,139.1,10236.435,1297.0,420000.0,62.4232,-0.682,108367.0,1082.0,0.77,1.94,3.39,76.0,7.4,0.0
1992-04-30,1.63,0.24,139.4,10347.429,1099.0,424000.0,62.897,-0.76,108516.0,1054.0,0.67,2.15,3.82,77.2,7.4,0.0
1992-05-31,1.77,-0.06,139.7,10347.429,1214.0,411000.0,63.104,-0.859,108646.0,1056.0,0.63,2.14,3.54,79.2,7.6,0.0
1992-06-30,1.86,0.05,140.1,10347.429,1145.0,420000.0,63.1363,-0.914,108706.0,1057.0,0.73,2.31,3.49,80.4,7.8,0.0
1992-07-31,1.97,0.42,140.5,10449.673,1139.0,564000.0,63.7176,-0.936,108793.0,1089.0,0.87,2.3,3.47,76.6,7.7,0.0
1992-08-31,2.06,-0.61,140.8,10449.673,1226.0,408000.0,63.3613,-0.897,108916.0,1075.0,0.9,2.47,3.39,76.1,7.6,0.0
1992-09-30,2.29,0.09,141.1,10449.673,1186.0,409000.0,63.5703,-0.804,108951.0,1114.0,0.8,2.57,3.62,75.6,7.6,0.0
1992-10-31,2.19,0.21,141.7,10558.648,1244.0,365000.0,63.9995,-0.682,109139.0,1132.0,0.67,2.4,3.77,73.3,7.3,0.0
1992-11-30,2.0,0.1,142.1,10558.648,1214.0,341000.0,64.2422,-0.735,109283.0,1118.0,0.5,2.16,3.57,85.3,7.4,0.0
1992-12-31,2.06,0.46,142.3,10558.648,1227.0,313000.0,64.3507,-0.881,109502.0,1176.0,0.37,2.14,3.55,91.0,7.4,0.0
1993-01-31,2.11,0.21,142.8,10576.275,1210.0,340000.0,64.5978,-0.957,109790.0,1177.0,0.2,2.19,3.43,89.3,7.3,0.0
1993-02-28,2.2,0.16,143.1,10576.275,1210.0,362000.0,64.9089,-0.956,110047.0,1148.0,-0.03,2.11,3.02,86.6,7.1,0.0
1993-03-31,2.18,-0.46,143.3,10576.275,1083.0,366000.0,64.8522,-0.975,110004.0,1056.0,-0.1,2.07,3.08,85.9,7.0,0.0
1993-04-30,2.12,0.26,143.8,10637.847,1258.0,350000.0,65.0301,-0.993,110300.0,1104.0,-0.03,2.22,3.08,85.6,7.1,0.0
1993-05-31,2.1,-0.12,144.2,10637.847,1260.0,349000.0,64.784,-0.981,110571.0,1112.0,-0.03,1.92,3.03,80.3,7.1,0.0
1993-06-30,2.16,0.04,144.3,10637.847,1280.0,340000.0,64.9301,-1.019,110742.0,1130.0,0.0,1.77,2.7,81.5,7.0,0.0
1993-07-31,2.05,-0.01,144.5,10688.606,1254.0,356000.0,65.1052,-1.09,111054.0,1174.0,-0.07,1.7,2.73,77.0,6.9,0.0
1993-08-31,1.91,-0.03,144.8,10688.606,1300.0,337000.0,65.0267,-1.09,111200.0,1230.0,-0.07,1.57,2.37,77.3,6.8,0.0
1993-09-30,2.0,0.4,145.0,10688.606,1343.0,343000.0,65.3717,-1.05,111448.0,1251.0,-0.1,1.51,2.42,77.9,6.7,0.0
1993-10-31,1.96,0.36,145.6,10833.987,1392.0,348000.0,65.8509,-0.966,111734.0,1287.0,0.0,1.44,2.33,82.7,6.8,0.0
1993-11-30,1.91,0.3,146.0,10833.987,1376.0,337000.0,66.1518,-0.937,111987.0,1357.0,-0.1,1.61,2.62,81.2,6.6,0.0
1993-12-31,1.94,0.51,146.3,10833.987,1533.0,290000.0,66.5436,-1.004,112325.0,1461.0,-0.1,1.58,2.76,88.2,6.5,0.0
1994-01-31,1.85,0.07,146.3,10939.116,1272.0,406000.0,66.7351,-1.012,112601.0,1390.0,0.0,1.58,2.65,94.3,6.6,0.0
1994-02-28,1.77,0.22,146.7,10939.116,1337.0,327000.0,66.774,-0.919,112782.0,1269.0,0.0,1.48,2.68,93.2,6.6,0.0
1994-03-31,1.59,0.98,147.1,10939.116,1564.0,322000.0,67.4552,-0.79,113245.0,1342.0,0.03,1.56,3.21,91.5,6.5,0.0
1994-04-30,1.48,0.26,147.2,11087.361,1465.0,344000.0,67.8541,-0.72,113589.0,1392.0,-0.07,1.33,3.09,92.6,6.4,0.0
1994-05-31,1.51,0.41,147.5,11087.361,1526.0,348000.0,68.1663,-0.721,113922.0,1396.0,-0.17,1.16,2.86,92.8,6.1,0.0
1994-06-30,1.52,0.45,147.9,11087.361,1409.0,341000.0,68.6265,-0.716,114239.0,1357.0,-0.17,1.15,3.08,91.2,6.1,0.0
1994-07-31,1.49,0.05,148.4,11152.176,1439.0,332000.0,68.7178,-0.77,114608.0,1335.0,-0.1,1.13,2.73,89.0,6.1,0.0
1994-08-31,1.55,0.82,149.0,11152.176,1450.0,341000.0,69.1785,-0.806,114902.0,1377.0,0.03,1.02,2.51,91.7,6.0,0.0
1994-09-30,1.5,0.12,149.3,11152.176,1474.0,325000.0,69.3961,-0.694,115246.0,1412.0,0.0,1.0,2.82,91.5,5.9,0.0
1994-10-31,1.4,0.63,149.4,11279.932,1450.0,331000.0,69.9544,-0.6,115457.0,1397.0,-0.1,0.97,2.61,92.7,5.8,0.0
1994-11-30,1.3,0.53,149.8,11279.932,1511.0,329000.0,70.4326,-0.503,115867.0,1340.0,-0.17,0.51,2.19,91.6,5.6,0.0
1994-12-31,1.3,0.62,150.1,11279.932,1455.0,319000.0,71.1523,-0.405,116174.0,1396.0,-0.13,0.15,2.16,95.1,5.5,0.0
1995-01-31,1.33,0.12,150.5,11319.951,1407.0,324000.0,71.2734,-0.505,116505.0,1282.0,0.0,0.34,1.6,97.6,5.6,0.0
1995-02-28,1.53,-0.25,150.9,11319.951,1316.0,336000.0,71.193,-0.621,116694.0,1254.0,-0.07,0.43,1.28,95.1,5.4,0.0
1995-03-31,1.49,-0.07,151.2,11319.951,1249.0,332000.0,71.3113,-0.639,116908.0,1226.0,0.03,0.4,1.32,90.3,5.4,0.0
1995-04-30,1.51,-0.55,151.8,11353.721,1267.0,365000.0,71.1882,-0.672,117066.0,1259.0,0.07,0.47,1.2,92.5,5.8,0.0
1995-05-31,1.66,0.02,152.1,11353.721,1314.0,374000.0,71.5378,-0.711,117046.0,1271.0,0.17,0.41,0.49,89.8,5.6,0.0
1995-06-30,1.74,0.23,152.4,11353.721,1281.0,358000.0,71.7749,-0.672,117291.0,1305.0,0.2,0.42,0.61,92.7,5.6,0.0
1995-07-31,1.72,-0.59,152.6,11450.31,1461.0,351000.0,71.4748,-0.68,117382.0,1354.0,0.17,0.57,0.85,94.4,5.7,0.0
1995-08-31,1.73,0.74,152.9,11450.31,1416.0,359000.0,72.4223,-0.711,117646.0,1386.0,0.13,0.43,0.83,96.2,5.7,0.0
1995-09-30,1.71,0.13,153.1,11450.31,1369.0,355000.0,72.7144,-0.698,117873.0,1421.0,0.13,0.34,0.77,88.9,5.6,0.0
1995-10-31,1.7,-0.29,153.5,11528.067,1369.0,377000.0,72.5866,-0.713,118026.0,1400.0,0.07,0.42,0.55,90.2,5.5,0.0
1995-11-30,1.81,0.03,153.7,11528.067,1452.0,379000.0,72.7779,-0.752,118165.0,1430.0,0.07,0.4,0.28,88.2,5.6,0.0
1995-12-31,1.8,0.07,153.9,11528.067,1431.0,359000.0,73.0305,-0.744,118325.0,1442.0,0.07,0.4,0.48,91.0,5.6,0.0
1996-01-31,1.82,-0.87,154.7,11614.418,1467.0,387000.0,72.6125,-0.792,118317.0,1387.0,0.17,0.67,0.55,89.3,5.6,0.0
1996-02-29,1.78,0.74,155.0,11614.418,1491.0,365000.0,73.6752,-0.82,118738.0,1420.0,0.13,0.69,1.11,88.5,5.5,0.0
1996-03-31,1.78,-0.14,155.5,11614.418,1424.0,393000.0,73.585,-0.719,118992.0,1437.0,0.1,0.55,1.21,93.7,5.5,0.0
1996-04-30,1.61,0.43,156.1,11808.14,1516.0,343000.0,74.3172,-0.685,119158.0,1463.0,-0.03,0.63,1.52,92.7,5.6,0.0
1996-05-31,1.48,0.4,156.4,11808.14,1504.0,343000.0,74.8726,-0.717,119497.0,1457.0,0.03,0.58,1.67,89.4,5.6,0.0
1996-06-30,1.51,0.35,156.7,11808.14,1467.0,337000.0,75.4433,-0.701,119770.0,1429.0,-0.07,0.62,1.55,92.4,5.3,0.0
1996-07-31,1.5,0.06,157.0,11914.063,1472.0,327000.0,75.4549,-0.711,120019.0,1450.0,0.0,0.58,1.48,94.7,5.5,0.0
1996-08-31,1.48,0.22,157.2,11914.063,1557.0,329000.0,75.8411,-0.744,120198.0,1413.0,-0.17,0.62,1.67,95.3,5.1,0.0
1996-09-30,1.5,0.3,157.7,11914.063,1475.0,348000.0,76.3158,-0.731,120400.0,1392.0,-0.03,0.62,1.58,94.7,5.2,0.0
1996-10-31,1.54,0.05,158.2,12037.775,1392.0,352000.0,76.3384,-0.764,120665.0,1358.0,-0.07,0.6,1.2,96.5,5.2,0.0
1996-11-30,1.65,0.49,158.7,12037.775,1489.0,332000.0,77.0397,-0.77,120947.0,1412.0,0.1,0.47,0.93,99.2,5.4,0.0
1996-12-31,1.54,0.06,159.1,12037.775,1370.0,357000.0,77.5333,-0.706,121143.0,1411.0,0.07,0.55,1.22,96.9,5.4,0.0
1997-01-31,1.5,0.27,159.4,12115.472,1355.0,340000.0,77.6562,-0.709,121356.0,1382.0,0.13,0.59,1.38,97.4,5.3,0.0
1997-02-28,1.49,0.82,159.7,12115.472,1486.0,322000.0,78.5833,-0.735,121673.0,1445.0,0.13,0.47,1.34,99.7,5.2,0.0
1997-03-31,1.4,0.3,159.8,12115.472,1457.0,325000.0,79.082,-0.69,121991.0,1436.0,0.1,0.47,1.57,100.0,5.2,0.0
1997-04-30,1.5,0.08,159.9,12317.221,1492.0,337000.0,79.1747,-0.638,122289.0,1421.0,-0.07,0.43,1.44,101.4,5.1,0.0
1997-05-31,1.51,0.22,159.9,12317.221,1442.0,321000.0,79.6133,-0.628,122560.0,1414.0,-0.17,0.45,1.71,103.2,4.9,0.0
1997-06-30,1.5,0.38,160.2,12317.221,1494.0,322000.0,79.9792,-0.641,122816.0,1402.0,-0.07,0.43,1.26,104.5,5.0,0.0
1997-07-31,1.54,0.65,160.4,12471.01,1437.0,306000.0,80.6624,-0.657,123114.0,1440.0,-0.03,0.28,0.77,107.1,4.9,0.0
1997-08-31,1.44,0.3,160.8,12471.01,1390.0,332000.0,81.4694,-0.648,123087.0,1449.0,0.03,0.37,1.1,104.4,4.8,0.0
1997-09-30,1.54,0.63,161.2,12471.01,1546.0,317000.0,82.2156,-0.613,123575.0,1494.0,0.0,0.32,1.06,106.0,4.9,0.0
1997-10-31,1.6,0.45,161.5,12577.495,1520.0,306000.0,82.9446,-0.511,123924.0,1499.0,-0.03,0.21,0.63,105.6,4.7,0.0
1997-11-30,1.52,0.61,161.7,12577.495,1510.0,318000.0,83.5978,-0.473,124225.0,1469.0,-0.1,0.1,0.64,107.2,4.6,0.0
1997-12-31,1.53,0.06,161.8,12577.495,1566.0,303000.0,83.9538,-0.513,124549.0,1456.0,-0.07,0.09,0.39,102.1,4.7,0.0
1998-01-31,1.68,0.31,162.0,12703.742,1525.0,315000.0,84.3218,-0.598,124806.0,1555.0,-0.03,0.21,0.34,106.6,4.6,0.0
1998-02-28,1.67,0.33,162.0,12703.742,1584.0,317000.0,84.4583,-0.638,125017.0,1647.0,0.0,0.07,0.3,110.4,4.6,0.0
1998-03-31,1.67,-0.01,162.0,12703.742,1567.0,312000.0,84.488,-0.626,125165.0,1605.0,0.0,0.07,0.51,106.5,4.7,0.0
1998-04-30,1.66,0.24,162.2,12821.339,1540.0,311000.0,84.7779,-0.604,125445.0,1547.0,-0.13,0.09,0.68,108.7,4.3,0.0
1998-05-31,1.63,0.28,162.6,12821.339,1536.0,322000.0,85.3367,-0.57,125845.0,1554.0,-0.1,0.03,0.53,106.5,4.4,0.0
1998-06-30,1.67,-0.44,162.8,12821.339,1641.0,376000.0,84.8248,-0.555,126076.0,1551.0,-0.07,-0.05,0.34,105.6,4.5,0.0
1998-07-31,1.71,-0.47,163.2,12982.752,1698.0,335000.0,84.4986,-0.51,126212.0,1610.0,0.07,0.01,0.4,105.2,4.5,0.0
1998-08-31,2.06,1.06,163.4,12982.752,1614.0,310000.0,86.248,-0.313,126546.0,1654.0,0.13,0.14,0.09,104.4,4.5,0.0
1998-09-30,2.57,-0.01,163.5,12982.752,1582.0,294000.0,86.2021,-0.068,126744.0,1577.0,0.17,0.14,0.07,100.9,4.6,0.0
1998-10-31,2.65,0.28,163.9,13191.67,1715.0,308000.0,86.7914,-0.005,126949.0,1719.0,0.2,0.52,0.31,97.4,4.5,0.0
1998-11-30,2.45,0.05,164.1,13191.67,1660.0,310000.0,86.7256,-0.114,127222.0,1672.0,0.17,0.2,0.17,102.7,4.4,0.0
1998-12-31,2.58,0.25,164.4,13191.67,1792.0,336000.0,87.1185,-0.19,127595.0,1742.0,0.0,0.11,0.17,100.5,4.4,0.0
1999-01-31,2.55,0.11,164.7,13315.597,1748.0,305000.0,87.4949,-0.272,127699.0,1732.0,-0.07,0.08,0.18,103.9,4.3,0.0
1999-02-28,2.24,0.54,164.7,13315.597,1670.0,301000.0,88.027,-0.353,128117.0,1720.0,0.0,0.16,0.63,108.1,4.4,0.0
1999-03-31,2.31,-0.08,164.8,13315.597,1710.0,298000.0,88.2267,-0.403,128234.0,1665.0,-0.03,0.26,0.76,105.7,4.2,0.0
1999-04-30,2.22,0.0,165.9,13426.748,1553.0,291000.0,88.4295,-0.425,128595.0,1600.0,0.0,0.28,0.81,104.6,4.3,0.0
1999-05-31,2.18,0.56,166.0,13426.748,1611.0,303000.0,88.9886,-0.4,128813.0,1640.0,-0.07,0.22,0.98,106.8,4.2,0.0
1999-06-30,2.18,-0.08,166.0,13426.748,1559.0,291000.0,88.9188,-0.33,129084.0,1702.0,0.03,0.28,1.03,107.3,4.3,0.0
1999-07-31,2.19,0.19,166.7,13604.771,1669.0,300000.0,89.4333,-0.211,129422.0,1682.0,0.03,0.29,1.17,106.0,4.3,0.0
1999-08-31,2.23,0.34,167.1,13604.771,1648.0,290000.0,89.7924,-0.149,129572.0,1671.0,0.03,0.25,1.0,104.5,4.2,0.0
1999-09-30,2.3,-0.19,167.8,13604.771,1635.0,306000.0,89.4299,-0.1,129771.0,1551.0,0.0,0.27,1.02,107.2,4.2,0.0
1999-10-31,2.28,0.75,168.1,13827.98,1608.0,285000.0,90.523,-0.11,130178.0,1649.0,-0.07,0.23,0.9,103.2,4.1,0.0
1999-11-30,1.99,0.37,168.4,13827.98,1648.0,288000.0,90.9618,-0.167,130466.0,1672.0,-0.03,0.17,0.88,107.2,4.1,0.0
1999-12-31,1.73,0.6,168.8,13827.98,1708.0,268000.0,91.6634,-0.171,130783.0,1683.0,-0.03,0.21,1.12,105.4,4.0,0.0
2000-01-31,1.68,0.16,169.3,13878.147,1636.0,285000.0,91.538,-0.21,131011.0,1727.0,-0.03,0.07,0.92,112.0,4.0,0.0
2000-02-29,1.91,-0.23,170.0,13878.147,1737.0,280000.0,91.8239,-0.189,131120.0,1692.0,0.0,-0.11,0.64,111.3,4.1,0.0
2000-03-31,2.3,0.44,171.0,13878.147,1604.0,272000.0,92.1504,-0.088,131604.0,1651.0,0.0,-0.47,0.15,107.1,4.0,0.0
2000-04-30,2.34,0.42,170.9,14130.908,1626.0,291000.0,92.6989,-0.032,131884.0,1597.0,-0.03,-0.45,0.41,109.2,3.8,0.0
2000-05-31,2.52,-0.35,171.2,14130.908,1575.0,280000.0,92.9499,0.025,132105.0,1543.0,0.0,-0.4,0.66,110.7,4.0,0.0
2000-06-30,2.4,0.13,172.2,14130.908,1559.0,296000.0,92.9862,-0.001,132063.0,1572.0,-0.03,-0.35,0.15,106.4,4.0,0.0
2000-07-31,2.27,-0.29,172.7,14145.312,1463.0,298000.0,92.8048,-0.115,132228.0,1542.0,0.03,-0.26,-0.23,108.3,4.0,0.0
2000-08-31,2.51,-0.36,172.7,14145.312,1541.0,312000.0,92.5521,-0.198,132234.0,1552.0,0.03,-0.45,-0.58,107.3,4.1,0.0
2000-09-30,2.54,0.36,173.6,14145.312,1507.0,292000.0,92.9792,-0.196,132337.0,1570.0,0.0,-0.18,-0.43,106.8,3.9,0.0
2000-10-31,2.56,-0.52,173.9,14229.765,1549.0,301000.0,92.6179,-0.167,132352.0,1577.0,-0.03,-0.17,-0.61,105.8,3.9,0.0
2000-11-30,2.64,-0.36,174.2,14229.765,1551.0,356000.0,92.6438,-0.105,132556.0,1614.0,-0.03,-0.13,-0.73,107.6,3.9,0.0
2000-12-31,2.88,-0.27,174.6,14229.765,1532.0,353000.0,92.3415,-0.09,132716.0,1543.0,0.03,0.01,-0.77,98.4,3.9,0.0
2001-01-31,2.62,-0.66,175.6,14183.12,1600.0,362000.0,91.902,-0.223,132703.0,1699.0,0.13,0.57,0.2,94.7,4.2,0.0
2001-02-28,2.88,-0.57,176.0,14183.12,1625.0,386000.0,91.3034,-0.277,132788.0,1656.0,0.2,0.51,0.07,90.6,4.2,0.0
2001-03-31,3.04,-0.69,176.1,14183.12,1590.0,388000.0,91.1162,-0.253,132751.0,1659.0,0.3,0.75,0.63,91.5,4.3,0.0
2001-04-30,2.73,-0.89,176.4,14271.694,1649.0,406000.0,90.7891,-0.332,132458.0,1666.0,0.4,1.05,1.4,88.4,4.4,1.0
2001-05-31,2.65,-0.43,177.3,14271.694,1605.0,405000.0,90.3555,-0.421,132408.0,1665.0,0.47,1.21,1.8,92.0,4.3,1.0
2001-06-30,2.65,-0.92,177.7,14271.694,1636.0,394000.0,89.8784,-0.459,132300.0,1626.0,0.53,1.17,1.77,92.6,4.5,1.0
2001-07-31,2.78,-0.53,177.4,14214.516,1670.0,388000.0,89.3028,-0.498,132172.0,1598.0,0.53,1.28,1.53,92.4,4.6,1.0
2001-08-31,2.9,-0.43,177.4,14214.516,1567.0,395000.0,89.2003,-0.43,132021.0,1615.0,0.7,1.21,1.48,91.5,4.9,1.0
2001-09-30,3.42,-1.12,178.1,14214.516,1562.0,517000.0,88.7485,-0.336,131763.0,1565.0,0.83,1.74,2.2,81.8,5.0,1.0
2001-10-31,3.38,-0.18,177.6,14253.574,1540.0,483000.0,88.5052,-0.381,131452.0,1566.0,1.13,1.86,2.25,82.7,5.3,1.0
2001-11-30,3.1,-0.81,177.5,14253.574,1602.0,491000.0,87.97,-0.372,131144.0,1651.0,1.4,1.94,3.0,83.9,5.5,1.0
2001-12-31,2.85,-0.32,177.4,14253.574,1568.0,421000.0,87.9324,-0.369,130983.0,1680.0,1.63,2.0,3.33,88.8,5.7,0.0
2002-01-31,2.85,-0.05,177.7,14372.785,1698.0,414000.0,88.5176,-0.46,130859.0,1665.0,1.6,1.91,3.31,93.0,5.7,0.0
2002-02-28,2.98,-0.1,178.0,14372.785,1829.0,398000.0,88.5278,-0.49,130737.0,1787.0,1.5,1.82,3.09,90.7,5.7,0.0
2002-03-31,2.81,-0.03,178.5,14372.785,1642.0,479000.0,89.1686,-0.501,130722.0,1691.0,1.37,1.7,3.63,95.7,5.7,0.0
2002-04-30,2.84,0.16,179.3,14460.848,1592.0,414000.0,89.604,-0.578,130616.0,1669.0,1.4,1.87,3.34,93.0,5.9,0.0
2002-05-31,2.98,0.07,179.5,14460.848,1764.0,403000.0,89.964,-0.623,130632.0,1716.0,1.43,1.86,3.34,96.9,5.8,0.0
2002-06-30,3.13,0.3,179.6,14460.848,1717.0,386000.0,90.7061,-0.536,130674.0,1758.0,1.4,1.96,3.16,92.4,5.8,0.0
2002-07-31,3.25,-0.27,180.0,14519.633,1655.0,390000.0,90.6769,-0.437,130584.0,1738.0,1.33,2.28,2.8,88.1,5.8,0.0
2002-08-31,3.32,-0.07,180.5,14519.633,1633.0,394000.0,90.5762,-0.387,130581.0,1695.0,1.13,2.0,2.45,87.6,5.7,0.0
2002-09-30,3.76,-0.34,180.8,14519.633,1804.0,409000.0,90.6531,-0.351,130502.0,1803.0,0.9,1.91,2.06,86.1,5.7,0.0
2002-10-31,3.82,-0.35,181.2,14537.58,1648.0,409000.0,90.4643,-0.384,130617.0,1799.0,0.57,2.25,2.49,80.6,5.7,0.0
2002-11-30,3.38,0.14,181.5,14537.58,1753.0,377000.0,90.9711,-0.452,130616.0,1771.0,0.43,2.14,3.0,84.2,5.9,0.0
2002-12-31,3.48,-0.59,181.8,14537.58,1788.0,409000.0,90.4652,-0.469,130465.0,1896.0,0.3,2.22,2.61,86.7,6.0,0.0
2003-01-31,3.16,0.39,182.6,14614.141,1853.0,407000.0,91.2361,-0.522,130573.0,1808.0,0.23,2.28,2.82,82.4,5.8,0.0
2003-02-28,3.21,-0.46,183.6,14614.141,1629.0,421000.0,91.3445,-0.535,130441.0,1854.0,0.2,2.18,2.51,79.9,5.9,0.0
2003-03-31,3.04,-0.18,183.9,14614.141,1726.0,436000.0,91.1044,-0.586,130235.0,1757.0,0.13,2.32,2.69,77.6,5.9,0.0
2003-04-30,2.76,-0.63,183.2,14743.567,1643.0,444000.0,90.5617,-0.681,130173.0,1803.0,0.13,2.38,2.76,86.0,6.0,0.0
2003-05-31,2.85,0.01,182.9,14743.567,1751.0,431000.0,90.537,-0.71,130197.0,1835.0,0.2,2.04,2.26,92.1,6.1,0.0
2003-06-30,2.81,0.14,183.1,14743.567,1867.0,429000.0,90.6527,-0.711,130186.0,1875.0,0.4,2.22,2.64,89.7,6.3,0.0
2003-07-31,2.58,0.09,183.7,14988.782,1897.0,398000.0,91.1185,-0.709,130184.0,1885.0,0.47,2.69,3.53,90.9,6.2,0.0
2003-08-31,2.46,-0.15,184.5,14988.782,1833.0,407000.0,90.9197,-0.667,130153.0,1966.0,0.47,2.5,3.47,89.3,6.1,0.0
2003-09-30,2.57,0.35,185.1,14988.782,1939.0,387000.0,91.5059,-0.68,130252.0,1961.0,0.37,2.46,3.01,87.7,6.1,0.0
2003-10-31,2.36,0.14,184.9,15162.76,1967.0,379000.0,91.6186,-0.714,130439.0,2012.0,0.3,2.48,3.37,89.6,6.0,0.0
2003-11-30,2.33,0.48,185.0,15162.76,2083.0,357000.0,92.2329,-0.714,130480.0,1918.0,0.23,2.28,3.41,93.7,5.8,0.0
2003-12-31,2.34,0.04,185.5,15162.76,2057.0,349000.0,92.2602,-0.722,130589.0,1987.0,0.03,2.43,3.32,92.6,5.7,0.0
2004-01-31,2.19,0.05,186.3,15248.68,1911.0,376000.0,92.4006,-0.785,130756.0,1952.0,-0.1,2.32,3.24,103.8,5.7,0.0
2004-02-29,2.21,0.46,186.7,15248.68,1846.0,348000.0,92.958,-0.813,130821.0,1966.0,-0.1,2.33,3.03,94.4,5.6,0.0
2004-03-31,2.29,0.55,187.1,15248.68,1998.0,340000.0,92.5861,-0.801,131140.0,2066.0,0.0,2.26,2.91,95.8,5.8,0.0
2004-04-30,2.05,0.08,187.4,15366.85,2003.0,339000.0,92.93,-0.739,131412.0,2070.0,0.0,2.22,3.55,94.2,5.6,0.0
2004-05-31,2.03,0.56,188.2,15366.85,1981.0,337000.0,93.6013,-0.695,131697.0,2150.0,0.0,2.12,3.58,90.2,5.6,0.0
2004-06-30,2.09,-0.28,188.9,15366.85,1828.0,348000.0,92.871,-0.685,131794.0,2020.0,-0.03,1.92,3.29,95.6,5.6,0.0
2004-07-31,2.1,0.48,189.1,15512.619,2002.0,341000.0,93.5649,-0.695,131854.0,2112.0,-0.03,1.82,3.05,96.7,5.5,0.0
2004-08-31,2.19,0.3,189.2,15512.619,2024.0,352000.0,93.6277,-0.7,131939.0,2056.0,-0.07,1.72,2.54,95.9,5.4,0.0
2004-09-30,2.11,0.17,189.8,15512.619,1905.0,351000.0,93.7467,-0.699,132089.0,2041.0,-0.07,1.51,2.43,94.2,5.4,0.0
2004-10-31,2.09,0.44,190.8,15670.88,2072.0,332000.0,94.5465,-0.705,132429.0,2097.0,0.0,1.49,2.14,91.7,5.5,0.0
2004-11-30,1.95,0.04,191.7,15670.88,1782.0,335000.0,94.7813,-0.715,132503.0,2079.0,0.0,1.34,2.13,92.8,5.4,0.0
2004-12-31,1.86,0.85,191.7,15670.88,2042.0,320000.0,95.5365,-0.696,132630.0,2082.0,0.0,1.16,2.02,97.1,5.4,0.0
2005-01-31,1.75,0.19,191.6,15844.727,2144.0,331000.0,95.8801,-0.703,132781.0,2139.0,-0.1,0.85,1.63,95.5,5.3,0.0
2005-02-28,1.59,0.4,192.4,15844.727,2207.0,314000.0,96.5761,-0.709,133034.0,2114.0,0.0,0.77,1.6,94.1,5.4,0.0
2005-03-31,1.64,-0.28,193.1,15844.727,1864.0,342000.0,96.4456,-0.665,133154.0,2062.0,-0.07,0.7,1.71,92.6,5.2,0.0
2005-04-30,1.76,0.57,193.7,15922.782,2061.0,334000.0,96.6532,-0.609,133520.0,2150.0,0.0,0.55,1.31,87.7,5.2,0.0
2005-05-31,1.9,-0.02,193.6,15922.782,2025.0,340000.0,96.7402,-0.599,133689.0,2085.0,-0.1,0.4,1.01,86.9,5.1,0.0
2005-06-30,1.87,0.41,193.7,15922.782,2068.0,311000.0,97.1753,-0.603,133948.0,2178.0,-0.07,0.28,0.81,96.0,5.0,0.0
2005-07-31,1.67,-0.05,194.9,16047.587,2054.0,316000.0,96.8676,-0.613,134300.0,2203.0,-0.07,0.26,0.86,96.5,5.0,0.0
2005-08-31,1.77,0.21,196.1,16047.587,2095.0,318000.0,97.1833,-0.598,134502.0,2219.0,-0.07,0.18,0.5,89.1,4.9,0.0
2005-09-30,1.81,-0.62,198.8,16047.587,2151.0,359000.0,95.3005,-0.566,134552.0,2263.0,0.03,0.16,0.79,76.9,5.0,0.0
2005-10-31,1.83,0.65,199.1,16136.734,2065.0,322000.0,96.4572,-0.583,134641.0,2170.0,0.03,0.17,0.59,74.2,5.0,0.0
2005-11-30,1.89,0.75,198.1,16136.734,2147.0,311000.0,97.5414,-0.58,134997.0,2218.0,0.07,0.07,0.54,81.6,5.0,0.0
2005-12-31,1.82,0.33,198.1,16136.734,1994.0,302000.0,98.0452,-0.563,135159.0,2120.0,-0.03,-0.02,0.31,91.5,4.9,0.0
2006-01-31,1.78,0.48,199.3,16353.835,2273.0,282000.0,98.1999,-0.602,135427.0,2212.0,-0.07,-0.01,0.06,91.2,4.7,0.0
2006-02-28,1.65,0.1,199.4,16353.835,2119.0,293000.0,98.2413,-0.633,135733.0,2141.0,-0.07,-0.14,-0.07,86.7,4.8,0.0
2006-03-31,1.69,0.23,199.7,16353.835,1969.0,295000.0,98.4628,-0.628,136038.0,2118.0,-0.07,0.04,0.23,88.9,4.7,0.0
2006-04-30,1.67,-0.09,200.7,16396.151,1821.0,321000.0,98.7618,-0.619,136210.0,1998.0,0.0,0.2,0.3,87.4,4.7,0.0
2006-05-31,1.66,0.02,201.3,16396.151,1942.0,330000.0,98.7869,-0.582,136249.0,1905.0,-0.07,0.08,0.26,79.1,4.6,0.0
2006-06-30,1.67,0.03,201.8,16396.151,1802.0,309000.0,99.0997,-0.528,136337.0,1867.0,-0.03,-0.01,0.14,84.9,4.6,0.0
2006-07-31,1.68,-0.28,202.9,16420.738,1737.0,311000.0,99.0489,-0.558,136529.0,1763.0,0.03,0.02,-0.11,84.7,4.7,0.0
2006-08-31,1.73,0.18,203.8,16420.738,1650.0,314000.0,99.4836,-0.603,136692.0,1722.0,0.07,-0.05,-0.31,82.0,4.7,0.0
2006-09-30,1.72,0.0,202.8,16420.738,1720.0,309000.0,99.3183,-0.606,136826.0,1655.0,0.07,-0.07,-0.25,85.4,4.5,0.0
2006-10-31,1.64,-0.27,201.9,16561.866,1491.0,328000.0,99.2044,-0.628,136843.0,1570.0,-0.07,-0.1,-0.47,93.6,4.4,0.0
2006-11-30,1.64,-0.11,202.0,16561.866,1570.0,349000.0,99.1627,-0.627,137060.0,1535.0,-0.07,-0.16,-0.57,92.1,4.5,0.0
2006-12-31,1.64,0.78,203.1,16561.866,1649.0,341000.0,100.1735,-0.633,137249.0,1638.0,-0.03,-0.11,-0.31,91.7,4.4,0.0
2007-01-31,1.57,-0.48,203.437,16611.69,1409.0,308000.0,99.8346,-0.679,137472.0,1626.0,0.07,-0.11,-0.29,96.9,4.6,0.0
2007-02-28,1.6,0.2,204.226,16611.69,1480.0,322000.0,100.7753,-0.662,137560.0,1598.0,0.07,-0.09,-0.6,91.3,4.5,0.0
2007-03-31,1.75,0.24,205.288,16611.69,1495.0,307000.0,100.9547,-0.606,137784.0,1596.0,0.03,0.07,-0.39,88.4,4.4,0.0
2007-04-30,1.68,-0.09,205.904,16713.314,1490.0,301000.0,101.6334,-0.587,137847.0,1470.0,0.0,0.03,-0.28,87.1,4.5,0.0
2007-05-31,1.6,0.05,206.755,16713.314,1415.0,310000.0,101.7306,-0.552,137992.0,1493.0,0.0,-0.02,0.17,88.3,4.4,0.0
2007-06-30,1.59,-0.02,207.234,16713.314,1448.0,317000.0,101.7893,-0.521,138070.0,1407.0,0.03,0.16,0.21,85.3,4.6,0.0
2007-07-31,1.85,-0.4,207.603,16809.587,1354.0,305000.0,101.6672,-0.289,138044.0,1361.0,0.07,0.22,-0.18,90.4,4.7,0.0
2007-08-31,2.05,-0.08,207.667,16809.587,1330.0,329000.0,101.863,0.206,138013.0,1321.0,0.1,0.39,0.53,83.4,4.6,0.0
2007-09-30,2.0,-0.08,208.547,16809.587,1183.0,317000.0,102.0894,0.077,138099.0,1261.0,0.17,0.62,0.77,83.4,4.7,0.0
2007-10-31,1.99,-0.27,209.19,16915.191,1264.0,328000.0,101.8015,0.001,138175.0,1192.0,0.2,0.54,0.54,80.9,4.7,0.0
2007-11-30,2.47,-0.08,210.834,16915.191,1197.0,352000.0,102.3446,0.481,138290.0,1224.0,0.23,0.93,0.82,76.1,4.7,0.0
2007-12-31,2.52,-0.44,211.445,16915.191,1037.0,360000.0,102.3803,0.523,138395.0,1149.0,0.4,0.99,0.68,75.5,5.0,0.0
2008-01-31,2.96,-0.23,212.174,16843.003,1084.0,366000.0,102.2448,0.417,138391.0,1094.0,0.4,1.5,1.71,78.4,5.0,1.0
2008-02-29,3.22,-0.8,212.687,16843.003,1103.0,354000.0,101.8438,0.794,138329.0,1014.0,0.43,1.88,1.68,70.8,4.9,1.0
2008-03-31,3.45,-0.79,213.448,16843.003,1005.0,387000.0,101.5336,0.948,138259.0,967.0,0.47,1.83,2.07,69.5,5.1,1.0
2008-04-30,3.1,-0.67,213.942,16943.291,1013.0,370000.0,100.8785,0.652,138040.0,1008.0,0.5,1.48,2.34,62.6,5.0,1.0
2008-05-31,3.0,-0.84,215.208,16943.291,973.0,362000.0,100.2674,0.506,137851.0,995.0,0.73,1.4,2.17,59.8,5.4,1.0
2008-06-30,3.05,-0.72,217.463,16943.291,1046.0,392000.0,100.0335,0.715,137700.0,1180.0,0.8,1.36,2.09,56.4,5.6,1.0
2008-07-31,3.22,-1.21,219.016,16854.295,923.0,434000.0,99.676,0.718,137497.0,921.0,0.97,1.47,2.31,61.2,5.8,1.0
2008-08-31,3.29,-1.26,218.69,16854.295,844.0,442000.0,98.1111,0.843,137211.0,858.0,1.1,1.47,2.11,63.0,6.1,1.0
2008-09-30,4.0,-2.58,218.877,16854.295,820.0,483000.0,93.7895,1.792,136760.0,797.0,1.27,1.85,2.93,70.3,6.1,1.0
2008-10-31,5.53,-1.13,216.995,16485.35,777.0,480000.0,94.7219,2.789,136291.0,736.0,1.5,2.45,3.55,57.6,6.5,1.0
2008-11-30,6.1,-2.35,213.153,16485.35,652.0,529000.0,93.4715,3.07,135541.0,626.0,1.7,1.93,2.92,55.3,6.8,1.0
2008-12-31,5.82,-2.68,211.398,16485.35,560.0,533000.0,90.8357,2.716,134847.0,554.0,2.07,1.49,2.14,60.1,7.3,1.0
2009-01-31,5.38,-3.04,211.933,16298.262,490.0,629000.0,88.57,2.14,134079.0,545.0,2.37,1.93,2.63,61.2,7.8,1.0
2009-02-28,5.22,-1.24,212.705,16298.262,582.0,652000.0,88.031,2.145,133318.0,558.0,2.77,2.02,2.76,56.3,8.3,1.0
2009-03-31,5.74,-2.35,212.495,16298.262,505.0,665000.0,86.6528,1.933,132494.0,513.0,3.13,1.9,2.5,57.3,8.7,1.0
2009-04-30,5.08,-1.61,212.709,16269.145,478.0,620000.0,85.9344,1.386,131822.0,521.0,3.53,2.25,3.02,65.1,9.0,1.0
2009-05-31,4.29,-1.2,213.022,16269.145,540.0,607000.0,85.0665,0.881,131466.0,556.0,3.73,2.55,3.33,68.7,9.4,1.0
2009-06-30,3.64,-0.93,214.79,16269.145,585.0,594000.0,84.7459,0.73,131008.0,601.0,3.9,2.42,3.34,70.8,9.5,1.0
2009-07-31,3.11,0.14,214.726,16326.281,594.0,587000.0,85.7027,0.421,130662.0,595.0,3.8,2.39,3.34,66.0,9.5,0.0
2009-08-31,2.98,0.0,215.445,16326.281,586.0,564000.0,86.6426,0.235,130472.0,616.0,3.67,2.43,3.25,65.7,9.6,0.0
2009-09-30,2.86,-0.21,215.861,16326.281,585.0,554000.0,87.4063,0.107,130246.0,609.0,3.57,2.36,3.17,73.5,9.8,0.0
2009-10-31,2.86,-0.29,216.509,16502.754,534.0,522000.0,87.6419,0.025,130061.0,583.0,3.57,2.51,3.36,70.6,10.0,0.0
2009-11-30,2.99,0.06,217.234,16502.754,588.0,475000.0,88.0221,-0.028,130057.0,623.0,3.47,2.54,3.15,67.4,9.9,0.0
2009-12-31,2.54,-0.29,217.347,16502.754,581.0,468000.0,88.3793,-0.148,129808.0,664.0,3.07,2.71,3.79,72.5,9.9,0.0
2010-01-31,2.57,0.16,217.488,16582.71,614.0,496000.0,89.3426,-0.197,129802.0,636.0,2.57,2.81,3.55,74.4,9.8,0.0
2010-02-28,2.62,-0.35,217.281,16582.71,604.0,488000.0,89.6779,-0.242,129706.0,650.0,2.03,2.8,3.48,73.6,9.8,0.0
2010-03-31,2.47,0.48,217.353,16582.71,636.0,459000.0,90.2928,-0.414,129866.0,687.0,1.53,2.82,3.68,73.6,9.9,0.0
2010-04-30,2.38,0.41,217.403,16743.162,687.0,449000.0,90.5991,-0.348,130120.0,637.0,1.2,2.72,3.53,72.2,9.9,0.0
2010-05-31,2.89,0.3,217.29,16743.162,583.0,458000.0,91.823,-0.067,130642.0,575.0,0.8,2.55,3.15,73.6,9.6,0.0
2010-06-30,3.08,-0.17,217.199,16743.162,536.0,464000.0,91.9928,-0.069,130510.0,587.0,0.43,2.36,2.79,76.0,9.4,0.0
2010-07-31,2.91,0.15,217.605,16872.266,546.0,476000.0,92.3421,-0.243,130415.0,579.0,0.13,2.39,2.79,67.8,9.4,0.0
2010-08-31,3.01,-0.16,217.923,16872.266,599.0,467000.0,92.6805,-0.266,130415.0,580.0,0.0,2.0,2.33,68.9,9.5,0.0
2010-09-30,3.05,-0.19,218.275,16872.266,594.0,459000.0,92.9537,-0.329,130341.0,563.0,0.03,2.11,2.37,68.2,9.5,0.0
2010-10-31,3.15,-0.12,219.035,16960.864,543.0,453000.0,92.6903,-0.431,130620.0,558.0,0.07,2.29,2.51,67.7,9.4,0.0
2010-11-30,3.03,-0.19,219.59,16960.864,545.0,432000.0,92.7709,-0.448,130749.0,560.0,0.13,2.36,2.64,71.6,9.8,0.0
2010-12-31,2.68,0.09,220.472,16960.864,539.0,404000.0,93.6787,-0.522,130830.0,632.0,0.1,2.69,3.18,74.5,9.3,0.0
2011-01-31,2.68,0.02,221.187,16920.632,630.0,420000.0,93.4814,-0.593,130837.0,576.0,-0.13,2.84,3.27,74.2,9.1,0.0
2011-02-28,2.57,-0.38,221.898,16920.632,517.0,385000.0,93.1102,-0.573,131057.0,542.0,-0.3,2.73,3.27,77.5,9.0,0.0
2011-03-31,2.58,0.41,223.046,16920.632,600.0,399000.0,94.0788,-0.548,131283.0,583.0,-0.2,2.67,3.38,67.5,9.0,0.0
2011-04-30,2.58,-0.48,224.093,17035.114,554.0,468000.0,93.7749,-0.599,131597.0,581.0,0.0,2.71,3.28,69.8,9.1,0.0
2011-05-31,2.65,-0.34,224.806,17035.114,561.0,418000.0,93.888,-0.56,131703.0,618.0,0.07,2.6,2.99,74.3,9.0,0.0
2011-06-30,2.72,0.01,224.806,17035.114,608.0,421000.0,94.172,-0.519,131931.0,636.0,0.2,2.73,3.15,71.5,9.1,0.0
2011-07-31,2.77,0.17,225.395,17031.313,623.0,406000.0,94.636,-0.393,131992.0,621.0,0.23,2.46,2.72,63.7,9.0,0.0
2011-08-31,3.25,0.01,226.106,17031.313,585.0,409000.0,95.2749,-0.135,132125.0,647.0,0.23,2.03,2.21,55.8,9.0,0.0
2011-09-30,3.3,-0.27,226.597,17031.313,650.0,406000.0,95.1961,-0.037,132344.0,610.0,0.2,1.67,1.9,59.5,9.0,0.0
2011-10-31,3.02,0.16,226.75,17222.583,610.0,399000.0,95.8568,-0.102,132553.0,671.0,0.17,1.92,2.16,60.8,8.8,0.0
2011-11-30,3.24,-0.35,227.169,17222.583,711.0,397000.0,95.8485,-0.071,132690.0,706.0,0.0,1.83,2.07,63.7,8.6,0.0
2011-12-31,3.27,0.28,227.223,17222.583,694.0,376000.0,96.3571,-0.148,132888.0,697.0,-0.17,1.64,1.87,69.9,8.5,0.0
2012-01-31,3.24,0.37,227.842,17367.01,723.0,372000.0,96.9318,-0.323,133246.0,712.0,-0.2,1.61,1.77,75.0,8.3,0.0
2012-02-29,3.1,0.0,228.329,17367.01,704.0,365000.0,97.2435,-0.407,133509.0,738.0,-0.13,1.68,1.9,75.3,8.3,0.0
2012-03-31,3.07,-0.39,228.807,17367.01,695.0,358000.0,96.74,-0.435,133748.0,806.0,-0.1,1.9,2.16,76.2,8.2,0.0
2012-04-30,3.2,0.06,229.187,17444.525,753.0,372000.0,97.4359,-0.377,133825.0,732.0,-0.07,1.68,1.85,76.4,8.2,0.0
2012-05-31,3.4,-0.17,228.713,17444.525,708.0,381000.0,97.6609,-0.26,133932.0,796.0,-0.03,1.32,1.52,79.3,8.2,0.0
2012-06-30,3.39,-0.32,228.524,17444.525,757.0,372000.0,97.6663,-0.274,134013.0,794.0,0.0,1.34,1.58,73.2,8.2,0.0
2012-07-31,3.27,-0.28,228.59,17469.65,740.0,372000.0,97.8713,-0.366,134157.0,849.0,0.07,1.28,1.4,72.3,8.2,0.0
2012-08-31,3.21,-0.45,229.918,17469.65,754.0,377000.0,97.4525,-0.461,134339.0,840.0,0.03,1.35,1.48,74.3,8.1,0.0
2012-09-30,3.07,-0.11,231.015,17469.65,847.0,376000.0,97.381,-0.528,134517.0,930.0,-0.1,1.42,1.55,78.3,7.8,0.0
2012-10-31,2.73,-0.26,231.638,17489.852,915.0,364000.0,97.7193,-0.55,134669.0,887.0,-0.13,1.42,1.61,82.6,7.8,0.0
2012-11-30,2.95,0.28,231.249,17489.852,833.0,388000.0,98.0777,-0.555,134825.0,917.0,-0.13,1.37,1.54,82.7,7.7,0.0
2012-12-31,2.85,0.14,231.221,17489.852,976.0,362000.0,98.3101,-0.6,135074.0,941.0,0.0,1.53,1.73,72.9,7.9,0.0
2013-01-31,2.82,-0.33,231.679,17662.4,888.0,366000.0,98.3342,-0.643,135257.0,940.0,0.0,1.75,1.95,73.8,8.0,0.0
2013-02-28,2.89,0.23,232.937,17662.4,962.0,342000.0,98.7941,-0.65,135546.0,980.0,-0.03,1.64,1.78,77.6,7.7,0.0
2013-03-31,2.96,-0.26,232.282,17662.4,1010.0,375000.0,99.1921,-0.664,135689.0,936.0,-0.07,1.62,1.8,78.6,7.5,0.0
2013-04-30,2.83,-0.29,231.797,17709.671,835.0,331000.0,99.1065,-0.705,135873.0,1012.0,-0.13,1.48,1.65,76.4,7.6,0.0
2013-05-31,2.79,0.14,231.893,17709.671,930.0,353000.0,99.1839,-0.691,136096.0,1003.0,-0.03,1.86,2.12,84.5,7.5,0.0
2013-06-30,2.83,-0.14,232.445,17709.671,839.0,340000.0,99.3897,-0.629,136279.0,942.0,0.0,2.16,2.48,84.1,7.5,0.0
2013-07-31,2.68,-0.52,232.9,17860.45,880.0,334000.0,99.0814,-0.661,136391.0,997.0,-0.03,2.29,2.56,85.1,7.3,0.0
2013-08-31,2.56,0.3,233.456,17860.45,917.0,325000.0,99.6543,-0.664,136646.0,964.0,-0.1,2.39,2.75,82.1,7.2,0.0
2013-09-30,2.75,0.1,233.544,17860.45,850.0,319000.0,100.161,-0.677,136821.0,1004.0,-0.13,2.31,2.62,77.5,7.2,0.0
2013-10-31,2.65,0.01,233.669,18016.147,925.0,347000.0,100.082,-0.727,137041.0,1044.0,-0.03,2.26,2.53,73.2,7.2,0.0
2013-11-30,2.61,0.3,234.1,18016.147,1100.0,312000.0,100.3158,-0.77,137317.0,1029.0,-0.1,2.47,2.69,75.1,6.9,0.0
2013-12-31,2.33,-0.15,234.719,18016.147,1002.0,332000.0,100.5175,-0.779,137372.0,1005.0,-0.17,2.66,2.97,82.5,6.7,0.0
2014-01-31,2.4,-0.7,235.288,17953.974,888.0,340000.0,100.1599,-0.763,137561.0,976.0,-0.2,2.33,2.65,81.2,6.6,0.0
2014-02-28,2.35,0.44,235.547,17953.974,944.0,341000.0,100.9168,-0.776,137712.0,1039.0,-0.1,2.33,2.61,81.6,6.7,0.0
2014-03-31,2.26,0.48,236.028,17953.974,970.0,330000.0,101.8942,-0.776,137985.0,1067.0,0.0,2.29,2.68,80.0,6.7,0.0
2014-04-30,2.16,0.05,236.468,18185.911,1043.0,345000.0,101.9928,-0.769,138298.0,1090.0,-0.1,2.25,2.64,84.1,6.2,0.0
2014-05-31,2.22,0.12,236.918,18185.911,1007.0,312000.0,102.3836,-0.789,138513.0,1018.0,-0.13,2.11,2.44,81.9,6.3,0.0
2014-06-30,2.18,0.14,237.231,18185.911,911.0,308000.0,102.735,-0.783,138849.0,1010.0,-0.2,2.06,2.49,82.5,6.1,0.0
2014-07-31,2.17,0.3,237.498,18406.941,1085.0,303000.0,102.9632,-0.739,139072.0,1076.0,-0.03,2.05,2.55,81.8,6.2,0.0
2014-08-31,2.23,-0.23,237.46,18406.941,984.0,303000.0,102.7688,-0.722,139269.0,1047.0,-0.07,1.87,2.32,82.5,6.1,0.0
2014-09-30,2.29,0.01,237.477,18406.941,1023.0,290000.0,103.0641,-0.673,139563.0,1077.0,-0.07,1.94,2.5,84.6,5.9,0.0
2014-10-31,2.39,0.04,237.43,18500.031,1074.0,291000.0,103.0764,-0.643,139798.0,1094.0,-0.13,1.85,2.34,86.9,5.7,0.0
2014-11-30,2.52,0.27,236.983,18500.031,1001.0,291000.0,103.7126,-0.649,140089.0,1059.0,-0.1,1.71,2.16,88.8,5.8,0.0
2014-12-31,2.51,0.06,236.252,18500.031,1073.0,285000.0,103.7044,-0.571,140364.0,1072.0,-0.1,1.5,2.13,93.6,5.6,0.0
2015-01-31,2.61,-0.26,234.747,18666.621,1085.0,281000.0,102.8905,-0.506,140568.0,1049.0,0.0,1.21,1.66,98.1,5.7,0.0
2015-02-28,2.46,-0.48,235.342,18666.621,886.0,317000.0,102.2335,-0.53,140827.0,1127.0,-0.1,1.37,1.98,95.4,5.5,0.0
2015-03-31,2.55,0.01,235.976,18666.621,960.0,269000.0,101.8914,-0.549,140923.0,1072.0,-0.03,1.38,1.91,93.0,5.4,0.0
2015-04-30,2.6,0.0,236.222,18782.243,1190.0,269000.0,101.3355,-0.557,141196.0,1166.0,-0.1,1.47,2.04,95.9,5.4,0.0
2015-05-31,2.72,-0.34,237.001,18782.243,1079.0,275000.0,100.8883,-0.554,141538.0,1272.0,0.0,1.51,2.11,90.7,5.6,0.0
2015-06-30,2.83,-0.14,237.657,18782.243,1205.0,275000.0,100.571,-0.545,141709.0,1379.0,-0.07,1.71,2.34,96.1,5.3,0.0
2015-07-31,2.94,0.35,238.034,18857.418,1146.0,269000.0,101.2228,-0.502,141991.0,1140.0,-0.03,1.53,2.12,93.1,5.2,0.0
2015-08-31,3.15,-0.28,238.033,18857.418,1130.0,279000.0,101.0367,-0.411,142125.0,1165.0,-0.13,1.47,2.13,91.9,5.1,0.0
2015-09-30,3.29,-0.12,237.498,18857.418,1224.0,272000.0,100.7547,-0.397,142275.0,1144.0,-0.07,1.42,2.06,87.2,5.0,0.0
2015-10-31,3.19,-0.26,237.733,18892.206,1058.0,275000.0,100.2675,-0.465,142579.0,1160.0,-0.1,1.41,2.08,90.0,5.0,0.0
2015-11-30,3.2,-0.36,238.017,18892.206,1172.0,265000.0,99.5298,-0.439,142808.0,1244.0,-0.03,1.27,1.99,91.3,5.1,0.0
2015-12-31,3.23,-0.3,237.761,18892.206,1146.0,276000.0,99.0417,-0.349,143077.0,1211.0,-0.03,1.21,2.11,92.6,5.0,0.0
2016-01-31,3.48,0.09,237.652,19001.69,1092.0,282000.0,99.5607,-0.276,143210.0,1171.0,-0.03,1.18,1.61,92.0,4.8,0.0
2016-02-29,3.55,-0.23,237.336,19001.69,1225.0,269000.0,99.0445,-0.298,143406.0,1172.0,-0.03,0.96,1.41,91.7,4.9,0.0
2016-03-31,3.12,-0.33,238.08,19001.69,1111.0,271000.0,98.3096,-0.368,143662.0,1118.0,0.0,1.05,1.57,91.0,5.0,0.0
2016-04-30,2.86,-0.1,238.992,19062.709,1163.0,278000.0,98.6421,-0.386,143854.0,1160.0,0.03,1.06,1.61,89.0,5.1,0.0
2016-05-31,2.84,-0.35,239.557,19062.709,1148.0,263000.0,98.4184,-0.373,143900.0,1205.0,-0.03,0.97,1.5,94.7,4.8,0.0
2016-06-30,2.92,0.13,240.222,19062.709,1203.0,262000.0,98.8833,-0.349,144147.0,1208.0,-0.03,0.91,1.23,93.5,4.9,0.0
2016-07-31,2.71,0.05,240.101,19197.938,1239.0,266000.0,98.9992,-0.367,144520.0,1198.0,-0.03,0.79,1.18,90.0,4.8,0.0
2016-08-31,2.61,-0.22,240.545,19197.938,1171.0,261000.0,98.85,-0.363,144661.0,1201.0,0.07,0.78,1.25,89.8,4.9,0.0
2016-09-30,2.69,-0.09,241.176,19197.938,1068.0,247000.0,98.7457,-0.346,144967.0,1303.0,0.1,0.83,1.31,91.2,5.0,0.0
2016-10-31,2.61,-0.07,241.741,19304.352,1313.0,265000.0,98.7611,-0.386,145065.0,1254.0,0.1,0.98,1.5,87.2,4.9,0.0
2016-11-30,2.45,-0.22,242.026,19304.352,1140.0,255000.0,98.3491,-0.436,145183.0,1230.0,0.0,1.26,1.89,93.8,4.7,0.0
2016-12-31,2.28,0.38,242.637,19304.352,1252.0,244000.0,99.0214,-0.473,145408.0,1248.0,-0.07,1.25,1.94,98.2,4.7,0.0
2017-01-31,2.23,-0.11,243.618,19398.343,1190.0,241000.0,98.7611,-0.493,145628.0,1303.0,0.0,1.26,1.93,98.5,4.7,0.0
2017-02-28,2.19,-0.09,244.006,19398.343,1271.0,221000.0,98.3646,-0.494,145846.0,1234.0,0.03,1.14,1.83,96.3,4.6,0.0
2017-03-31,2.24,0.02,243.892,19398.343,1190.0,236000.0,99.0137,-0.486,145970.0,1272.0,-0.03,1.13,1.64,96.9,4.4,0.0
2017-04-30,2.28,0.34,244.193,19506.949,1146.0,232000.0,100.0224,-0.513,146175.0,1251.0,-0.13,1.01,1.49,97.0,4.4,0.0
2017-05-31,2.23,0.02,244.004,19506.949,1157.0,253000.0,100.1408,-0.551,146380.0,1208.0,-0.13,0.93,1.23,97.1,4.4,0.0
2017-06-30,2.09,0.16,244.163,19506.949,1249.0,247000.0,100.3471,-0.574,146583.0,1353.0,-0.03,0.93,1.28,95.0,4.3,0.0
2017-07-31,2.06,-0.16,244.243,19660.766,1206.0,245000.0,100.1068,-0.581,146772.0,1256.0,-0.03,0.96,1.23,93.4,4.3,0.0
2017-08-31,2.14,0.01,245.183,19660.766,1159.0,247000.0,99.6925,-0.563,146919.0,1319.0,0.03,0.79,1.11,96.8,4.4,0.0
2017-09-30,2.0,0.18,246.435,19660.766,1181.0,260000.0,99.7954,-0.573,147008.0,1273.0,-0.03,0.86,1.27,95.1,4.3,0.0
2017-10-31,1.91,0.54,246.626,19882.352,1257.0,241000.0,101.0247,-0.599,147149.0,1356.0,-0.07,0.78,1.23,100.7,4.2,0.0
2017-11-30,1.88,0.23,247.284,19882.352,1273.0,243000.0,101.2664,-0.607,147372.0,1299.0,-0.1,0.64,1.15,98.5,4.2,0.0
2017-12-31,1.77,0.2,247.805,19882.352,1177.0,248000.0,101.4644,-0.619,147523.0,1311.0,-0.03,0.51,1.01,95.9,4.1,0.0
2018-01-31,1.56,-0.23,248.859,20044.077,1299.0,228000.0,101.4625,-0.609,147660.0,1317.0,0.0,0.58,1.26,95.7,4.0,0.0
2018-02-28,1.68,0.47,249.529,20044.077,1277.0,216000.0,101.7085,-0.547,148054.0,1321.0,0.0,0.62,1.22,99.7,4.1,0.0
2018-03-31,1.85,0.11,249.577,20044.077,1318.0,232000.0,102.2067,-0.5,148280.0,1385.0,0.0,0.47,1.01,101.4,4.0,0.0
2018-04-30,1.79,0.4,250.227,20150.476,1276.0,209000.0,103.3329,-0.541,148420.0,1378.0,-0.07,0.46,1.08,98.8,4.0,0.0
2018-05-31,1.89,-0.14,250.792,20150.476,1357.0,222000.0,102.4024,-0.567,148742.0,1338.0,-0.1,0.43,0.9,98.0,3.8,0.0
2018-06-30,1.99,0.22,251.018,20150.476,1192.0,228000.0,103.198,-0.541,148960.0,1345.0,-0.03,0.33,0.92,98.2,4.0,0.0
2018-07-31,1.83,0.05,251.214,20276.154,1208.0,207000.0,103.3646,-0.564,149020.0,1334.0,0.0,0.29,0.93,97.9,3.8,0.0
2018-08-31,1.92,0.3,251.663,20276.154,1288.0,211000.0,104.0327,-0.599,149277.0,1273.0,0.03,0.24,0.75,96.2,3.8,0.0
2018-09-30,1.84,0.02,252.182,20276.154,1250.0,210000.0,104.1004,-0.593,149358.0,1314.0,-0.07,0.24,0.86,100.1,3.7,0.0
2018-10-31,2.03,-0.21,252.772,20304.874,1221.0,216000.0,103.9856,-0.551,149527.0,1272.0,-0.07,0.28,0.81,98.6,3.8,0.0
2018-11-30,2.27,0.01,252.594,20304.874,1181.0,237000.0,104.0681,-0.46,149617.0,1340.0,-0.07,0.21,0.64,97.5,3.8,0.0
2018-12-31,2.45,-0.13,252.767,20304.874,1095.0,238000.0,104.0936,-0.425,149809.0,1317.0,0.07,0.21,0.24,98.3,3.9,0.0
2019-01-31,2.38,-0.36,252.561,20431.641,1226.0,234000.0,103.4021,-0.504,150060.0,1254.0,0.13,0.18,0.22,91.2,4.0,0.0
2019-02-28,2.22,-0.41,253.319,20431.641,1121.0,221000.0,102.8371,-0.578,150067.0,1286.0,0.17,0.21,0.28,93.8,3.8,0.0
2019-03-31,2.26,-0.1,254.277,20431.641,1191.0,203000.0,102.8757,-0.602,150295.0,1295.0,0.13,0.14,0.01,98.4,3.8,0.0
2019-04-30,2.14,-0.51,255.233,20602.275,1272.0,224000.0,102.274,-0.611,150591.0,1322.0,0.0,0.24,0.08,97.2,3.7,0.0
2019-05-31,2.37,0.02,255.296,20602.275,1293.0,222000.0,102.392,-0.577,150618.0,1347.0,-0.07,0.19,-0.21,100.0,3.6,0.0
2019-06-30,2.31,0.04,255.213,20602.275,1243.0,226000.0,102.4375,-0.571,150838.0,1299.0,-0.03,0.25,-0.12,98.2,3.6,0.0
2019-07-31,2.13,-0.36,255.802,20843.322,1240.0,206000.0,101.9408,-0.573,150937.0,1379.0,0.03,0.13,-0.06,98.4,3.7,0.0
2019-08-31,2.26,0.17,256.036,20843.322,1375.0,215000.0,102.639,-0.523,151169.0,1482.0,0.07,0.0,-0.49,89.8,3.6,0.0
2019-09-30,2.2,-0.43,256.43,20843.322,1311.0,215000.0,102.2917,-0.507,151365.0,1469.0,0.0,0.05,-0.2,93.2,3.5,0.0
2019-10-31,2.18,-0.78,257.155,20985.448,1325.0,215000.0,101.4281,-0.546,151460.0,1523.0,-0.03,0.17,0.15,95.5,3.6,0.0
2019-11-30,2.08,0.2,257.879,20985.448,1353.0,231000.0,101.9372,-0.566,151667.0,1535.0,-0.07,0.17,0.19,96.8,3.6,0.0
2019-12-31,1.98,-0.35,258.63,20985.448,1548.0,231000.0,101.7003,-0.551,151794.0,1443.0,0.0,0.34,0.37,99.3,3.6,0.0
2020-01-31,2.13,-0.25,259.127,20709.212,1581.0,210000.0,101.0338,-0.617,152031.0,1490.0,0.0,0.18,-0.04,99.8,3.6,0.0
2020-02-29,2.38,0.07,259.25,20709.212,1549.0,215000.0,101.3735,-0.293,152293.0,1461.0,0.0,0.27,-0.14,101.0,3.5,0.0
2020-03-31,3.93,-4.38,258.076,20709.212,1266.0,5946000.0,97.4078,0.269,150895.0,1351.0,0.3,0.47,0.59,89.1,4.4,1.0
2020-04-30,3.23,-18.32,256.032,19077.992,936.0,3446000.0,84.5619,0.158,130426.0,1079.0,4.0,0.44,0.55,71.8,14.8,1.0
2020-05-31,3.08,4.76,255.802,19077.992,1039.0,1639000.0,85.9604,-0.269,133040.0,1251.0,7.27,0.49,0.51,72.3,13.2,0.0
2020-06-30,2.93,6.32,257.042,19077.992,1266.0,1446000.0,91.5934,-0.384,137671.0,1333.0,9.5,0.5,0.5,78.1,11.0,0.0
2020-07-31,2.6,2.64,258.352,20558.879,1526.0,1260000.0,95.0256,-0.474,139255.0,1539.0,8.0,0.44,0.46,72.5,10.2,0.0
2020-08-31,2.67,1.26,259.316,20558.879,1396.0,881000.0,95.9549,-0.507,140821.0,1534.0,6.37,0.58,0.61,74.1,8.4,0.0
2020-09-30,2.75,0.5,259.997,20558.879,1473.0,795000.0,95.9669,-0.491,141770.0,1650.0,5.3,0.56,0.59,80.4,7.8,0.0
2020-10-31,2.61,1.01,260.319,20791.917,1543.0,773000.0,96.7394,-0.506,142460.0,1612.0,4.2,0.74,0.79,81.8,6.9,0.0
2020-11-30,2.29,0.28,260.911,20791.917,1543.0,737000.0,97.0816,-0.567,142733.0,1692.0,3.63,0.68,0.76,76.9,6.7,0.0
2020-12-31,2.18,0.68,262.045,20791.917,1614.0,773000.0,98.363,-0.603,142548.0,1755.0,3.23,0.8,0.84,80.7,6.7,0.0
2021-01-31,2.17,0.86,262.687,21082.134,1624.0,803000.0,98.8822,-0.618,142863.0,1856.0,3.03,1.0,1.05,79.0,6.4,0.0
2021-02-28,2.12,-1.84,263.579,21082.134,1398.0,704000.0,95.6149,-0.626,143380.0,1703.0,2.87,1.3,1.4,76.8,6.2,0.0
2021-03-31,2.03,2.4,264.961,21082.134,1688.0,658000.0,98.3856,-0.648,144232.0,1756.0,2.33,1.58,1.71,84.9,6.1,0.0
2021-04-30,1.96,0.12,266.614,21440.929,1489.0,574000.0,98.5587,-0.681,144587.0,1710.0,-0.07,1.49,1.64,88.3,6.1,0.0
2021-05-31,1.99,0.23,268.383,21440.929,1600.0,427000.0,99.4333,-0.692,145065.0,1705.0,-0.13,1.44,1.57,82.9,5.8,0.0
2021-06-30,1.87,0.33,270.654,21440.929,1664.0,368000.0,99.7987,-0.685,145820.0,1662.0,-0.03,1.2,1.4,85.5,5.9,0.0
2021-07-31,1.95,0.75,271.903,21617.828,1600.0,379000.0,100.2519,-0.654,146762.0,1666.0,-0.23,1.05,1.18,81.2,5.4,0.0
2021-08-31,1.94,-0.04,272.676,21617.828,1596.0,353000.0,100.0437,-0.646,147314.0,1740.0,-0.2,1.1,1.26,70.3,5.1,0.0
2021-09-30,1.85,-0.13,273.91,21617.828,1576.0,375000.0,98.8579,-0.652,147771.0,1649.0,-0.37,1.24,1.48,72.8,4.7,0.0
2021-10-31,1.69,0.93,276.55,21988.737,1587.0,261000.0,100.1861,-0.62,148572.0,1699.0,-0.27,1.07,1.5,71.7,4.5,0.0
2021-11-30,1.81,0.66,278.919,21988.737,1707.0,221000.0,100.8654,-0.55,149230.0,1770.0,-0.33,0.91,1.38,67.4,4.1,0.0
2021-12-31,1.85,0.17,280.845,21988.737,1711.0,217000.0,100.5726,-0.555,149816.0,1886.0,-0.27,0.79,1.46,70.6,3.9,0.0
2022-01-31,1.93,-0.04,282.543,21932.71,1693.0,231000.0,100.1856,-0.539,150006.0,1923.0,-0.2,0.61,1.57,67.2,4.0,0.0
2022-02-28,2.34,0.4,284.5,21932.71,1730.0,208000.0,100.8064,-0.437,150825.0,1846.0,-0.13,0.39,1.48,62.8,3.9,0.0
2022-03-31,1.93,0.43,287.674,21932.71,1700.0,214000.0,101.3907,-0.372,151315.0,1899.0,-0.1,0.04,1.8,59.4,3.7,0.0
2022-04-30,2.05,0.0,288.561,21967.045,1807.0,218000.0,101.44,-0.335,151623.0,1849.0,-0.13,0.19,2.04,65.2,3.7,0.0
2022-05-31,2.18,-0.41,291.298,21967.045,1546.0,199000.0,101.3335,-0.257,151924.0,1711.0,-0.07,0.32,1.69,58.4,3.6,0.0
2022-06-30,2.31,-0.25,294.957,21967.045,1556.0,212000.0,101.018,-0.17,152358.0,1726.0,0.0,0.06,1.26,50.0,3.6,0.0
2022-07-31,2.36,0.2,294.913,22125.625,1382.0,228000.0,101.223,-0.217,153072.0,1707.0,-0.03,-0.22,0.26,51.5,3.5,0.0
2022-08-31,2.18,0.04,295.097,22125.625,1532.0,210000.0,101.0963,-0.223,153362.0,1565.0,0.03,-0.3,0.19,58.2,3.6,0.0
2022-09-30,2.24,0.0,296.349,22125.625,1481.0,190000.0,101.2918,-0.105,153582.0,1586.0,0.0,-0.39,0.5,58.6,3.5,0.0
2022-10-31,2.28,0.04,298.007,22278.345,1446.0,202000.0,101.2529,-0.124,153939.0,1583.0,0.07,-0.41,-0.12,59.9,3.6,0.0
2022-11-30,2.15,-0.6,298.786,22278.345,1434.0,209000.0,100.9552,-0.179,154242.0,1424.0,0.07,-0.7,-0.69,56.7,3.6,0.0
2022-12-31,1.99,-0.46,298.832,22278.345,1296.0,205000.0,99.7664,-0.221,154342.0,1398.0,0.03,-0.53,-0.54,59.8,3.5,0.0
2023-01-31,1.9,0.57,300.42,22439.607,1358.0,200000.0,100.505,-0.305,154776.0,1418.0,-0.07,-0.69,-1.18,64.9,3.5,0.0
2023-02-28,1.9,-0.43,301.45,22439.607,1395.0,207000.0,100.6416,-0.268,155066.0,1605.0,0.0,-0.89,-0.96,66.9,3.6,0.0
2023-03-31,2.11,-0.41,301.821,22439.607,1366.0,234000.0,101.0205,-0.151,155134.0,1472.0,0.0,-0.58,-1.37,62.0,3.5,0.0
2023-04-30,2.08,0.04,302.845,22580.499,1343.0,213000.0,101.253,-0.189,155375.0,1482.0,0.0,-0.6,-1.66,63.7,3.4,0.0
2023-05-31,2.16,-0.18,303.334,22580.499,1609.0,229000.0,100.9286,-0.212,155655.0,1579.0,0.03,-0.76,-1.88,59.0,3.6,0.0
2023-06-30,1.88,-0.41,304.014,22580.499,1420.0,236000.0,100.1196,-0.227,155880.0,1447.0,0.07,-1.06,-1.62,64.2,3.6,0.0
2023-07-31,1.77,0.13,304.609,22840.989,1464.0,238000.0,100.9067,-0.278,156043.0,1530.0,0.1,-0.91,-1.58,71.5,3.5,0.0
2023-08-31,1.83,-0.17,306.082,22840.989,1321.0,234000.0,100.8393,-0.332,156261.0,1596.0,0.13,-0.76,-1.47,69.4,3.7,0.0
2023-09-30,1.78,-0.03,307.276,22840.989,1369.0,216000.0,101.0211,-0.311,156417.0,1530.0,0.2,-0.44,-0.96,67.8,3.7,0.0
2023-10-31,1.85,-0.51,307.696,23033.78,1380.0,217000.0,100.4689,-0.284,156576.0,1524.0,0.33,-0.19,-0.71,63.8,3.9,0.0
2023-11-30,1.67,0.14,308.148,23033.78,1522.0,213000.0,100.8639,-0.319,156703.0,1513.0,0.3,-0.36,-1.08,61.3,3.7,0.0
2023-12-31,1.61,-0.12,308.741,23033.78,1504.0,200000.0,100.6031,-0.365,156857.0,1501.0,0.23,-0.35,-1.52,69.7,3.8,0.0
2024-01-31,1.61,-0.98,309.698,23082.119,1378.0,226000.0,99.2223,-0.394,157032.0,1548.0,0.2,-0.28,-1.43,79.0,3.7,0.0
2024-02-29,1.55,0.26,310.967,23082.119,1555.0,212000.0,100.285,-0.424,157238.0,1570.0,0.27,-0.39,-1.2,76.9,3.9,0.0
2024-03-31,1.5,-0.13,312.345,23082.119,1297.0,223000.0,100.4575,-0.43,157466.0,1477.0,0.3,-0.39,-1.26,79.4,3.9,0.0
2024-04-30,1.44,-0.38,313.023,23286.508,1379.0,207000.0,100.2434,-0.411,157530.0,1456.0,0.37,-0.35,-0.77,77.2,3.9,0.0
2024-05-31,1.46,0.16,313.175,23286.508,1329.0,220000.0,100.863,-0.407,157608.0,1405.0,0.37,-0.38,-0.95,69.1,3.9,0.0
2024-06-30,1.55,-0.22,313.044,23286.508,1318.0,238000.0,100.894,-0.379,157695.0,1459.0,0.43,-0.35,-1.12,68.2,4.1,0.0
2024-07-31,1.68,-0.39,313.569,23478.57,1269.0,248000.0,99.9757,-0.359,157748.0,1448.0,0.53,-0.2,-1.32,66.4,4.2,0.0
2024-08-31,1.69,-0.08,314.062,23478.57,1394.0,227000.0,100.4309,-0.389,157757.0,1492.0,0.57,0.0,-1.3,67.9,4.2,0.0
2024-09-30,1.63,-0.29,314.732,23478.57,1357.0,227000.0,99.8084,-0.425,157912.0,1421.0,0.5,0.15,-0.92,70.1,4.1,0.0
2024-10-31,1.46,-0.56,315.631,23586.542,1370.0,219000.0,99.4695,-0.443,157945.0,1435.0,0.43,0.12,-0.36,70.5,4.1,0.0
2024-11-30,1.44,-0.05,316.528,23586.542,1300.0,222000.0,99.2925,-0.473,158079.0,1512.0,0.43,0.05,-0.4,71.8,4.2,0.0
2024-12-31,1.42,0.33,317.604,23586.542,1494.0,212000.0,100.3273,-0.482,158316.0,1467.0,0.4,0.33,0.21,74.0,4.1,0.0
2025-01-31,1.45,-0.5,318.961,23548.21,1353.0,212000.0,100.0647,-0.505,158268.0,1463.0,0.37,0.36,0.27,71.7,4.0,0.0
2025-02-28,1.57,0.39,319.679,23548.21,1491.0,241000.0,101.0993,-0.477,158310.0,1446.0,0.27,0.25,-0.08,64.7,4.2,0.0
2025-03-31,1.76,0.16,319.785,23548.21,1346.0,220000.0,101.0404,-0.407,158377.0,1492.0,0.27,0.34,-0.09,57.0,4.2,0.0
2025-04-30,1.96,-0.36,320.302,23770.976,1400.0,239000.0,101.1279,-0.388,158485.0,1445.0,0.27,0.57,-0.14,52.2,4.2,0.0
2025-05-31,1.84,-0.31,320.62,23770.976,1289.0,244000.0,100.9655,-0.464,158498.0,1416.0,0.27,0.52,0.05,52.2,4.3,0.0
2025-06-30,1.75,-0.09,321.435,23770.976,1379.0,231000.0,101.4785,-0.493,158478.0,1399.0,0.17,0.52,-0.17,60.7,4.1,0.0
2025-07-31,1.67,0.02,322.169,24026.834,1432.0,219000.0,101.894,-0.515,158542.0,1400.0,0.1,0.43,-0.04,61.7,4.3,0.0
2025-08-31,1.8,-0.36,323.291,24026.834,1291.0,236000.0,101.6247,-0.524,158472.0,1347.0,0.13,0.64,0.0,58.2,4.3,0.0
2025-09-30,1.67,-0.32,324.245,24026.834,1319.0,225000.0,101.668,-0.522,158548.0,1444.0,0.23,0.56,0.14,55.1,4.4,0.0
2025-10-31,1.69,-0.5,324.245,24055.749,1273.0,221000.0,101.2195,-0.51,158408.0,1418.0,0.23,0.51,0.22,53.6,4.4,0.0
2025-11-30,1.78,-0.31,325.063,24055.749,1319.0,216000.0,101.0344,-0.505,158449.0,1414.0,0.43,0.55,0.14,51.0,4.5,0.0
2025-12-31,1.72,-0.06,326.031,24055.749,1378.0,203000.0,101.4941,-0.533,158432.0,1482.0,0.35,0.71,0.51,52.9,4.4,0.0
2026-01-31,1.62,-0.07,326.588,24180.419,1385.0,230000.0,101.0388,-0.56,158592.0,1393.0,0.3,0.74,0.59,56.4,4.3,0.0
2026-02-28,1.8,0.22,327.46,24180.419,1346.0,214000.0,101.9263,-0.503,158436.0,1540.0,0.27,0.59,0.3,56.6,4.4,0.0
2026-03-31,1.79,-0.17,330.293,24180.419,1522.0,203000.0,101.6172,-0.454,158650.0,1363.0,0.2,0.51,0.6,53.3,4.3,0.0
2026-04-30,1.7,0.05,332.407,24180.419,1414.0,190000.0,102.4196,-0.489,158798.0,1423.0,0.13,0.52,0.72,49.8,4.3,0.0
2026-05-31,1.57,-0.19,333.979,24180.419,1199.0,225000.0,102.5606,-0.495,158927.0,1410.0,0.1,0.47,0.76,44.8,4.3,0.0
2026-06-30,1.53,-0.02,332.568,24180.419,1427.0,217000.0,102.6395,-0.511,158984.0,1367.0,0.07,0.3,0.57,44.8,4.2,0.0
2026-07-31,1.6,-0.02,332.568,24180.419,1427.0,187000.0,102.6395,-0.552,158984.0,1367.0,0.07,0.36,0.78,44.8,4.2,0.0
